-- 2020.12.28 최종DB


DROP TABLE WORK;
DROP TABLE PRICE;
DROP TABLE QNA CASCADE CONSTRAINTS;
DROP TABLE QNA_COMMENT;
DROP TABLE ARTISTINFO;
DROP TABLE CUSTOM_COMMENT;
DROP TABLE FOLLOWING;
DROP TABLE NOTICE;
DROP TABLE REVIEW_COMMENT;
DROP TABLE RESERVATION;
DROP TABLE CHAT;
DROP TABLE CHATTINGROOM;
DROP TABLE ARTIST CASCADE CONSTRAINTS;
DROP TABLE CUSTOM_DESIGN CASCADE CONSTRAINTS;
DROP TABLE CUSTOMER CASCADE CONSTRAINTS;
DROP TABLE REVIEW CASCADE CONSTRAINTS;
--시퀀스
DROP SEQUENCE C_COMMENT_SEQ;
DROP SEQUENCE R_COMMENT_SEQ;
DROP SEQUENCE CUSTOM_DESIGN_SEQ;
DROP SEQUENCE QC_SEQ;
DROP SEQUENCE QNA_SEQ;
DROP SEQUENCE NOTICE_SEQ;
DROP SEQUENCE REVIEW_SEQ;
DROP SEQUENCE RESERVATION_SEQ;
DROP SEQUENCE WORK_SEQ;
DROP SEQUENCE ROOM_SEQ;



-- 회원 !
CREATE TABLE CUSTOMER (
    CUSTOMER_ID VARCHAR2(20) PRIMARY KEY,
    PASSWORD VARCHAR2(30) NOT NULL,
    PASSWORD2 VARCHAR2(30) NOT NULL,
    CUSTOMER_NAME VARCHAR2(20) NOT NULL,
    AGE NUMBER NOT NULL,
    GENDER VARCHAR2(20) NOT NULL,
    PHONE VARCHAR2(20) NOT NULL,
    EMAIL VARCHAR2(100) NOT NULL,
    ADDRESS VARCHAR2(100) NOT NULL,
    ENROLL_DATE DATE NOT NULL,
    CUSTOMER_PROFILE VARCHAR2(100) 
    );
            COMMENT ON COLUMN CUSTOMER.CUSTOMER_ID IS '고객아이디';
            COMMENT ON COLUMN CUSTOMER.PASSWORD IS '고객비밀번호';
            COMMENT ON COLUMN CUSTOMER.CUSTOMER_NAME IS '고객이름';
            COMMENT ON COLUMN CUSTOMER.AGE IS '고객나이';
            COMMENT ON COLUMN CUSTOMER.GENDER IS '고객성별';
            COMMENT ON COLUMN CUSTOMER.PHONE IS '고객핸드폰';
            COMMENT ON COLUMN CUSTOMER.EMAIL IS '고객이메일';
            COMMENT ON COLUMN CUSTOMER.ADDRESS IS '고객주소';
            COMMENT ON COLUMN CUSTOMER.ENROLL_DATE IS '고객가입날짜';

    
    
-- 아티스트   
CREATE TABLE ARTIST (
    ARTIST_ID VARCHAR2(20) PRIMARY KEY,
    PASSWORD VARCHAR2(20) NOT NULL,
    PASSWORD2 VARCHAR2(20) NOT NULL,
    ARTIST_NAME VARCHAR2(20) NOT NULL,
    AGE VARCHAR2(20) NOT NULL,
    GENDER VARCHAR2(20) NOT NULL,
    PHONE VARCHAR2(20) NOT NULL,
    EMAIL VARCHAR2(100) NOT NULL,
    WORK_ADDRESS VARCHAR2(100) NOT NULL,
    ENROLL_DATE DATE NOT NULL,
    BUSINESS_NO VARCHAR2(100) NOT NULL,
    ENROLL_STATUS NUMBER NOT NULL
    );
            COMMENT ON COLUMN ARTIST.ARTIST_ID IS '아티스트아이디';
            COMMENT ON COLUMN ARTIST.PASSWORD IS '아티스트비밀번호';
            COMMENT ON COLUMN ARTIST.ARTIST_NAME IS '아티스트이름';
            COMMENT ON COLUMN ARTIST.AGE IS '아티스트나이';
            COMMENT ON COLUMN ARTIST.GENDER IS '아티스트성별';
            COMMENT ON COLUMN ARTIST.PHONE IS '아티스트핸드폰';
            COMMENT ON COLUMN ARTIST.EMAIL IS '아티스트이메일';
            COMMENT ON COLUMN ARTIST.WORK_ADDRESS IS '근무지주소';
            COMMENT ON COLUMN ARTIST.ENROLL_DATE IS '아티스트가입날짜';
            COMMENT ON COLUMN ARTIST.BUSINESS_NO IS '사업자등록증';
            COMMENT ON COLUMN ARTIST.ENROLL_STATUS IS '승인여부';
            
            
            
-- 팔로잉
CREATE TABLE FOLLOWING (
    --STYLE VARCHAR2(20),
    --FOLLOWINGTIME VARCHAR2(20), -- 시간단위로 저장되어야 하는데 타임스탬프 먹히는지 일단 몰랑
    --ARTIST_PROFILE VARCHAR2(100),
    CUSTOMER_ID VARCHAR2(20), --외래키
    ARTIST_ID VARCHAR2(20), --외래키
    CONSTRAINT FOLLOW_C_ID FOREIGN KEY (CUSTOMER_ID) REFERENCES CUSTOMER (CUSTOMER_ID)ON DELETE CASCADE,
    CONSTRAINT FOLLOW_A_ID FOREIGN KEY (ARTIST_ID) REFERENCES ARTIST (ARTIST_ID)ON DELETE CASCADE
    );
            --COMMENT ON COLUMN FOLLOWING.STYLE IS '아티스트스타일';
            --COMMENT ON COLUMN FOLLOWING.FOLLOWINGTIME IS '팔로잉시간';    
            --COMMENT ON COLUMN FOLLOWING.ARTISTPROFILE IS '아티스트프로필사진';
            COMMENT ON COLUMN FOLLOWING.CUSTOMER_ID IS '고객아이디';
            COMMENT ON COLUMN FOLLOWING.ARTIST_ID IS '아티스트아이디';    
 
 
 
-- 아티스트 소개
CREATE TABLE ARTISTINFO (
    NAME VARCHAR2(100) NOT NULL,
    MY_PROFILE VARCHAR2(100),
    MY_REPROFILE VARCHAR2(100),
    MY_INFO VARCHAR2(500),
    CREATE_DATE DATE,
    MODIFY_DATE DATE,
    ARTIST_ID VARCHAR2(20) NOT NULL, --외래키
    CONSTRAINT ARTIST_I_ID FOREIGN KEY (ARTIST_ID) REFERENCES ARTIST (ARTIST_ID)ON DELETE CASCADE --식별 외래키
    );
            COMMENT ON COLUMN ARTISTINFO.NAME IS '아티스트이름';
            COMMENT ON COLUMN ARTISTINFO.MY_PROFILE IS '프로필사진경로';
            COMMENT ON COLUMN ARTISTINFO.MY_REPROFILE IS '프로필사진경로';
            COMMENT ON COLUMN ARTISTINFO.MY_INFO IS '자기소개';        
            COMMENT ON COLUMN ARTISTINFO.CREATE_DATE IS '등록날짜';     
            COMMENT ON COLUMN ARTISTINFO.MODIFY_DATE IS '수정날짜';     
            COMMENT ON COLUMN ARTISTINFO.ARTIST_ID IS '아티스트아이디';                 
        
        
        
-- 아티스트 작품 
CREATE TABLE WORK (
    WORK_CODE NUMBER PRIMARY KEY,
    WORK_IMGPATH VARCHAR2(500),
    WORK_REIMGPATH VARCHAR2(500),
    WORK_INFO VARCHAR2(1000),
    WORK_STYLE VARCHAR2(50),
    WORK_CREATEDATE DATE,
    WORK_MODIFYDATE DATE,
    ARTIST_ID VARCHAR2(50), --외래키
    CONSTRAINT WOKR_A_ID FOREIGN KEY (ARTIST_ID) REFERENCES ARTIST (ARTIST_ID)ON DELETE CASCADE
);
            COMMENT ON COLUMN WORK.WORK_CODE IS '작품코드';
            COMMENT ON COLUMN WORK.WORK_IMGPATH IS '사진경로';    
            COMMENT ON COLUMN WORK.WORK_REIMGPATH IS '사진경로2';                
            COMMENT ON COLUMN WORK.WORK_INFO IS '작품소개';
            COMMENT ON COLUMN WORK.WORK_CREATEDATE IS '등록날짜';
            COMMENT ON COLUMN WORK.WORK_MODIFYDATE IS '수정날짜';        
            COMMENT ON COLUMN WORK.WORK_STYLE IS '타투스타일';     
            COMMENT ON COLUMN WORK.ARTIST_ID IS '아티스트아이디';  
            -- 아티스트 작품 시퀀스
            CREATE SEQUENCE WORK_SEQ
                START WITH 79
                INCREMENT BY 1
                MAXVALUE 9999
                NOCYCLE
                NOCACHE;


-- 견적 테이블
CREATE TABLE PRICE (
    P_STYLE VARCHAR2(20),
    P_SIZE1 VARCHAR2(30),
    P_SIZE2 VARCHAR2(30),
    P_SIZE3 VARCHAR2(30),
    P_SIZE4 VARCHAR2(30),
    P_SIZE5 VARCHAR2(30),
    P_SIZE6 VARCHAR2(30),
    P_SIZE7 VARCHAR2(30),
    ARTIST_ID VARCHAR2(20), --외래키
    CONSTRAINT PRICE_A_ID FOREIGN KEY (ARTIST_ID) REFERENCES ARTIST(ARTIST_ID)ON DELETE CASCADE
);
            COMMENT ON COLUMN PRICE.P_STYLE IS '타투스타일';     
            COMMENT ON COLUMN PRICE.P_SIZE1 IS '타투사이즈1';
            COMMENT ON COLUMN PRICE.P_SIZE2 IS '타투사이즈2';
            COMMENT ON COLUMN PRICE.P_SIZE3 IS '타투사이즈3';
            COMMENT ON COLUMN PRICE.P_SIZE4 IS '타투사이즈4';
            COMMENT ON COLUMN PRICE.P_SIZE5 IS '타투사이즈5';
            COMMENT ON COLUMN PRICE.P_SIZE6 IS '타투사이즈6';
            COMMENT ON COLUMN PRICE.P_SIZE7 IS '타투사이즈7';
            COMMENT ON COLUMN PRICE.ARTIST_ID IS '아티스트아이디';

            

-- 맞춤 도안 게시판
CREATE TABLE CUSTOM_DESIGN (
    CUSTOM_CODE NUMBER PRIMARY KEY,
    ON_OFF VARCHAR2(100),
    CUSTOM_TITLE VARCHAR2(100),
    CONTENTS VARCHAR2(4000),
    TATTOO_TYPE VARCHAR2(30),
    C_CREATE_DATE DATE,
    C_MODIFY_DATE DATE,
    CUSTOM_HITS NUMBER, 
    CUSTOMER_ID VARCHAR2(20),
    CONSTRAINT CUSTOM_DESIGN FOREIGN KEY (CUSTOMER_ID) REFERENCES CUSTOMER (CUSTOMER_ID)ON DELETE CASCADE
);
            COMMENT ON COLUMN CUSTOM_DESIGN.CUSTOM_CODE IS '맞춤도안 번호';    
            COMMENT ON COLUMN CUSTOM_DESIGN.ON_OFF IS '공개/비공개';
            COMMENT ON COLUMN CUSTOM_DESIGN.CUSTOM_TITLE IS '맞춤도안 제목';
            COMMENT ON COLUMN CUSTOM_DESIGN.CONTENTS IS '내용';        
            COMMENT ON COLUMN CUSTOM_DESIGN.TATTOO_TYPE IS '타투타입';     
            COMMENT ON COLUMN CUSTOM_DESIGN.C_CREATE_DATE IS '생성날짜';     
            COMMENT ON COLUMN CUSTOM_DESIGN.C_MODIFY_DATE IS '수정날짜';     
            COMMENT ON COLUMN CUSTOM_DESIGN.CUSTOM_HITS IS '조회수';
            COMMENT ON COLUMN CUSTOM_DESIGN.CUSTOMER_ID IS '작성자';
            -- 맞춤도안 게시판 시퀀스
            CREATE SEQUENCE CUSTOM_DESIGN_SEQ
                START WITH 22
                INCREMENT BY 1
                MAXVALUE 9999
                NOCYCLE
                NOCACHE;


-- 맞춤도안 댓글 게시판
CREATE TABLE CUSTOM_COMMENT (
    CUSTOM_C_CODE NUMBER PRIMARY KEY,
    ARTIST_ID VARCHAR2(20), -- ?? 외래키로 안되어있음 ERD
    ARTIST_NAME VARCHAR2(20),
    C_CONTENTS VARCHAR2(4000),
    CC_CREATE_DATE DATE,
    CC_MODIFY_DATE DATE,
    C_ON_OFF NUMBER,
    CUSTOM_CODE NUMBER, --외래키
    CONSTRAINT COMMENT_CUSTOM_CODE FOREIGN KEY (CUSTOM_CODE) REFERENCES CUSTOM_DESIGN (CUSTOM_CODE)ON DELETE CASCADE
);
            COMMENT ON COLUMN CUSTOM_COMMENT.CUSTOM_C_CODE IS '맞춤도안댓글코드';    
            COMMENT ON COLUMN CUSTOM_COMMENT.ARTIST_ID IS '아티스트아이디';
            COMMENT ON COLUMN CUSTOM_COMMENT.ARTIST_NAME IS'아티스트이름';
            COMMENT ON COLUMN CUSTOM_COMMENT.C_CONTENTS IS '댓글내용';
            COMMENT ON COLUMN CUSTOM_COMMENT.CC_CREATE_DATE IS '댓글작성시간';     
            COMMENT ON COLUMN CUSTOM_COMMENT.CC_MODIFY_DATE IS '댓글수정시간';     
            COMMENT ON COLUMN CUSTOM_COMMENT.C_ON_OFF IS '공개/비공개';     
            COMMENT ON COLUMN CUSTOM_COMMENT.CUSTOM_CODE IS '맞춤도안코드'; 
            -- 맞춤도안 시퀀스
            CREATE SEQUENCE C_COMMENT_SEQ
                START WITH 9
                INCREMENT BY 1
                MAXVALUE 9999
                NOCYCLE
                NOCACHE;


-- 예약테이블
CREATE TABLE RESERVATION (
    RESERVATION_CODE NUMBER PRIMARY KEY,
    ARTIST_NAME VARCHAR2(20),
    RESERVATION_DATE DATE,
    RESERVATION_TIME VARCHAR2(40),
    ADDRESS VARCHAR2(100),
    ORIGINAL_FILENAME VARCHAR2(300),
    RENAME_FILENAME VARCHAR2(300),
    TATTOO_SIZE VARCHAR2(20),
    REQUEST VARCHAR2(1000),
    STYLE VARCHAR2(20),
    PART VARCHAR2(20),
    PRICE VARCHAR2(50),
    STATUS NUMBER,
    SHOP_NAME VARCHAR2(50),
    CUSTOMER_ID VARCHAR2(20), --외래키
    ARTIST_ID VARCHAR2(20), --외래키
    CONSTRAINT RSVS_C_ID FOREIGN KEY (CUSTOMER_ID) REFERENCES CUSTOMER (CUSTOMER_ID)ON DELETE CASCADE,
    CONSTRAINT RSVS_A_ID FOREIGN KEY (ARTIST_ID) REFERENCES ARTIST (ARTIST_ID)ON DELETE CASCADE  
);
            COMMENT ON COLUMN RESERVATION.RESERVATION_CODE IS '예약코드';    
            COMMENT ON COLUMN RESERVATION.ARTIST_NAME IS '아티스트이름';
            COMMENT ON COLUMN RESERVATION.RESERVATION_DATE IS '예약날짜';
            COMMENT ON COLUMN RESERVATION.RESERVATION_TIME IS '예약시간';
            COMMENT ON COLUMN RESERVATION.ADDRESS IS '주소';        
            COMMENT ON COLUMN RESERVATION.ORIGINAL_FILENAME IS '도안사진이름';     
            COMMENT ON COLUMN RESERVATION.RENAME_FILENAME IS '도안사진경로'; 
            COMMENT ON COLUMN RESERVATION.TATTOO_SIZE IS '타투사이즈';     
            COMMENT ON COLUMN RESERVATION.REQUEST IS '요구사항';     
            COMMENT ON COLUMN RESERVATION.STYLE IS '타투스타일'; 
            COMMENT ON COLUMN RESERVATION.PART IS '부위';     
            COMMENT ON COLUMN RESERVATION.PRICE IS '가격';     
            COMMENT ON COLUMN RESERVATION.STATUS IS '예약상태'; 
            COMMENT ON COLUMN RESERVATION.SHOP_NAME IS '타투샵이름';
            COMMENT ON COLUMN RESERVATION.CUSTOMER_ID IS '고객아이디';             
            COMMENT ON COLUMN RESERVATION.ARTIST_ID IS '아티스트아이디';            
            -- 예약 시퀀스
            CREATE SEQUENCE RESERVATION_SEQ
                START WITH 79
                INCREMENT BY 1
                MAXVALUE 9999
                NOCYCLE
                NOCACHE;            



--채팅 '방'
CREATE TABLE CHATTINGROOM (
    ROOM_CODE NUMBER PRIMARY KEY,
    ARTIST_ID VARCHAR2(20),  -- 외래키
    CUSTOMER_ID VARCHAR2(20), -- 외래키
    CONSTRAINT ROOM_C_ID FOREIGN KEY (CUSTOMER_ID) REFERENCES CUSTOMER (CUSTOMER_ID)ON DELETE CASCADE,
    CONSTRAINT ROOM_A_ID FOREIGN KEY (ARTIST_ID) REFERENCES ARTIST (ARTIST_ID)ON DELETE CASCADE      
);
            COMMENT ON COLUMN CHATTINGROOM.ROOM_CODE IS '채팅방 코드';    
            COMMENT ON COLUMN CHATTINGROOM.ARTIST_ID IS '아티스트이름';
            COMMENT ON COLUMN CHATTINGROOM.CUSTOMER_ID IS '고객 이름';



-- 채팅내용
CREATE TABLE CHAT (
    ROOM_CODE NUMBER, -- 외래키
    CHAT_CONTENT VARCHAR2(1000),
    CHAT_IMGPATH VARCHAR2(500),
    CHAT_CHATDATE DATE,
    SENDER VARCHAR2(20),
    RECIVER VARCHAR2(20), 
    CONSTRAINT ROOM_CODE FOREIGN KEY (ROOM_CODE) REFERENCES CHATTINGROOM (ROOM_CODE)ON DELETE CASCADE
);
            COMMENT ON COLUMN CHAT.ROOM_CODE IS '채팅방 코드';        
            COMMENT ON COLUMN CHAT.CHAT_CONTENT IS '채팅 내용';     
            COMMENT ON COLUMN CHAT.CHAT_IMGPATH IS '채팅 사진 경로';     
            COMMENT ON COLUMN CHAT.CHAT_CHATDATE IS '채팅 시간';     
            COMMENT ON COLUMN CHAT.SENDER IS '보낸사람'; 
            COMMENT ON COLUMN CHAT.RECIVER IS '받는사람';     
            -- 채팅방 시퀀스
            CREATE SEQUENCE ROOM_SEQ
                START WITH 100
                INCREMENT BY 1
                MAXVALUE 9999
                NOCYCLE
                NOCACHE; 



-- QNA
CREATE TABLE QNA (
    QNA_CODE NUMBER PRIMARY KEY,
    QNA_TITLE VARCHAR2(100),
    QNA_CONTENTS VARCHAR2(500),
    QNA_WRITER VARCHAR2(20),
    QNA_CREATEDATE DATE,
    QNA_MODIFYDATE DATE,
    QNA_HITS NUMBER,
    ON_OFF NUMBER  
);
            COMMENT ON COLUMN QNA.QNA_CODE IS 'QNA번호';    
            COMMENT ON COLUMN QNA.QNA_TITLE IS '제목';
            COMMENT ON COLUMN QNA.QNA_CONTENTS IS '내용';
            COMMENT ON COLUMN QNA.QNA_WRITER IS '작성자';        
            COMMENT ON COLUMN QNA.QNA_CREATEDATE IS '작성날짜';     
            COMMENT ON COLUMN QNA.QNA_MODIFYDATE IS '수정날짜';     
            COMMENT ON COLUMN QNA.QNA_HITS IS '조회수';     
            COMMENT ON COLUMN QNA.ON_OFF IS '공개/비공개';     
            -- QNA 시퀀스
            CREATE SEQUENCE QNA_SEQ
                START WITH 15
                INCREMENT BY 1
                MAXVALUE 9999
                NOCYCLE
                NOCACHE;


-- QNA 답글 게시판
CREATE TABLE QNA_COMMENT (
    QC_CODE NUMBER PRIMARY KEY,
    QC_CONTENTS VARCHAR2(4000),
    QC_WRITER VARCHAR2(20),
    QC_CREATEDATE DATE,
    QC_MODIFYDATE DATE,
    ON_OFF NUMBER,
    QNA_CODE NUMBER, --외래키
    CONSTRAINT C_QNA_CODE FOREIGN KEY (QNA_CODE) REFERENCES QNA (QNA_CODE)ON DELETE CASCADE
);
            COMMENT ON COLUMN QNA_COMMENT.QC_CODE IS 'QNA답글번호'; 
            COMMENT ON COLUMN QNA_COMMENT.QC_CONTENTS IS '답글내용';
            COMMENT ON COLUMN QNA_COMMENT.QC_WRITER IS '작성자';        
            COMMENT ON COLUMN QNA_COMMENT.QC_CREATEDATE IS '작성날짜';     
            COMMENT ON COLUMN QNA_COMMENT.QC_MODIFYDATE IS '수정날짜';     
            COMMENT ON COLUMN QNA_COMMENT.ON_OFF IS '공개/비공개';     
            COMMENT ON COLUMN QNA_COMMENT.QNA_CODE IS 'QNA번호'; 
            -- QNA 답글 시퀀스
            CREATE SEQUENCE QC_SEQ
                START WITH 1
                INCREMENT BY 1
                MAXVALUE 9999
                NOCYCLE
                NOCACHE;


-- 후기( REVIEW )
CREATE TABLE REVIEW (
    REVIEW_CODE NUMBER PRIMARY KEY,
    REVIEW_CONTENTS VARCHAR2(500),
    REVIEW_PHOTO VARCHAR2(500),
    REVIEW_STAR VARCHAR2(20),
    REVIEW_CREATEDATE DATE,
    REVIEW_MODIFYDATE DATE,
    REVIEW_HITS NUMBER,
    ARTIST_ID VARCHAR2(20),
    CUSTOMER_ID VARCHAR2(20),
    RESERVATION_CODE NUMBER,
    CONSTRAINT REVIEW_C_ID FOREIGN KEY (CUSTOMER_ID) REFERENCES CUSTOMER (CUSTOMER_ID)ON DELETE CASCADE,
    CONSTRAINT REVIEW_A_ID FOREIGN KEY (ARTIST_ID) REFERENCES ARTIST (ARTIST_ID)ON DELETE CASCADE    
);
            COMMENT ON COLUMN REVIEW.REVIEW_CODE IS '후기코드';    
            COMMENT ON COLUMN REVIEW.REVIEW_CONTENTS IS '후기내용';
            COMMENT ON COLUMN REVIEW.REVIEW_PHOTO IS '후기사진경로';
            COMMENT ON COLUMN REVIEW.REVIEW_STAR IS '별점';        
            COMMENT ON COLUMN REVIEW.REVIEW_CREATEDATE IS '등록시간';      -- 시간?
            COMMENT ON COLUMN REVIEW.REVIEW_MODIFYDATE IS '수정시간';     -- 시간?
            COMMENT ON COLUMN REVIEW.REVIEW_HITS IS '조회수';     
            COMMENT ON COLUMN REVIEW.ARTIST_ID IS '아티스트아이디'; 
            COMMENT ON COLUMN REVIEW.CUSTOMER_ID IS '고객아이디';     
            -- 후기 시퀀스
            CREATE SEQUENCE REVIEW_SEQ
                START WITH 100
                INCREMENT BY 1
                MAXVALUE 9999
                NOCYCLE
                NOCACHE;            
            

-- 후기 답글 ( REVIEW_COMMENT )
CREATE TABLE REVIEW_COMMENT (
    RC_C_CODE NUMBER PRIMARY KEY,
    RC_CONTENTS VARCHAR2(100),
    RC_CREATEDATE DATE,
    RC_MODIFYDATE DATE,
    REVIEW_CODE NUMBER, -- 외래키
    CONSTRAINT RC_REVIEW_CODE FOREIGN KEY (REVIEW_CODE) REFERENCES REVIEW (REVIEW_CODE) ON DELETE CASCADE
);
            COMMENT ON COLUMN REVIEW_COMMENT.RC_C_CODE IS '후기답글코드';    
            COMMENT ON COLUMN REVIEW_COMMENT.RC_CONTENTS IS '답글내용';
            COMMENT ON COLUMN REVIEW_COMMENT.RC_CREATEDATE IS '작성시간';
            COMMENT ON COLUMN REVIEW_COMMENT.RC_MODIFYDATE IS '수정시간';        
            COMMENT ON COLUMN REVIEW_COMMENT.REVIEW_CODE IS '후기코드';
             -- 후기 답글 시퀀스
            CREATE SEQUENCE R_COMMENT_SEQ
                START WITH 1
                INCREMENT BY 1
                MAXVALUE 9999
                NOCYCLE
                NOCACHE;           
            

-- 공지사항
CREATE TABLE NOTICE (
    NOTICE_CODE NUMBER,
    NOTICE_TITLE VARCHAR2(100),
    NOTICE_CONTENTS VARCHAR2(1000),
    NOTICE_WRITER VARCHAR2(20),
    NOTICE_CREATEDATE DATE,
    NOTICE_MODIFYDATE DATE,
    NOTICE_HITS NUMBER
);
            COMMENT ON COLUMN NOTICE.NOTICE_CODE IS '공지사항번호';    
            COMMENT ON COLUMN NOTICE.NOTICE_TITLE IS '제목';
            COMMENT ON COLUMN NOTICE.NOTICE_CONTENTS IS '내용';
            COMMENT ON COLUMN NOTICE.NOTICE_WRITER IS '작성자(admin)';
            COMMENT ON COLUMN NOTICE.NOTICE_CREATEDATE IS '작성날짜';
            COMMENT ON COLUMN NOTICE.NOTICE_MODIFYDATE IS '수정날짜';
            COMMENT ON COLUMN NOTICE.NOTICE_HITS IS '조회수';
            --NOTICE 시퀀스
            CREATE SEQUENCE NOTICE_SEQ
                START WITH 11
                INCREMENT BY 1
                MAXVALUE 9999
                NOCYCLE
                NOCACHE; 

COMMIT; 
-- 2020.12.06 ThugLife
-- 2020.12.14 14:00 서연
-- 2020.12.14 21:40 현모
-- 2020.12.15 14:20 서연 CUSTOMER,ARTIST ADDRESS 컬럼에 NOT NULL 추가
-- 2020.12.22 22:54 서연 ARTIST BUSINESSNO NOT NULL
-- 2020.12.24 22:54 서연 QNA COMMENT TITLE 삭제당
-- 2020.12.24 23:50 정민 INSERT ARTIST  '1' 추가
-- 2020.12.28 16:30 현모 WORK Table 시퀀스 시작값 78로 변경 ( 엑셀로 기본값으로 작품 77개 들어가서 이렇게 해놨뜸 ! )
-- 2020.12.28 16:30 정민 RESERVATION_SEQ 시작값 78로 변경 
-- 2020.12.28 20:08 자몽 QNA_CONTENTS 500, NOTICE_TITLE 100으로 변경



-- 기본값 INSERT 하기 ! 그리고 .. 커스텀 디자인이랑 커스텀 코멘드 엑셀로 직접넣어라..

-- 아티스트 인서트
Insert into ARTIST (ARTIST_ID,PASSWORD,ARTIST_NAME,AGE,GENDER,PHONE,EMAIL,WORK_ADDRESS,ENROLL_DATE,BUSINESS_NO,ENROLL_STATUS,PASSWORD2) values ('admin','admin','관리자','99','남자','01025341530','JECK77@NAVER.COM','10417,경기도 고양시 일산동구 경의로 318,(백석동)',to_date('20/12/28','RR/MM/DD'),'1',1,'admin');
Insert into ARTIST (ARTIST_ID,PASSWORD,ARTIST_NAME,AGE,GENDER,PHONE,EMAIL,WORK_ADDRESS,ENROLL_DATE,BUSINESS_NO,ENROLL_STATUS,PASSWORD2) values ('artist1','123','쩡미이','25','남자','01025341530','JECK77@NAVER.COM','10417,경기도 고양시 일산동구 경의로 318,(백석동)',to_date('20/12/28','RR/MM/DD'),'1',1,'123');
Insert into ARTIST (ARTIST_ID,PASSWORD,ARTIST_NAME,AGE,GENDER,PHONE,EMAIL,WORK_ADDRESS,ENROLL_DATE,BUSINESS_NO,ENROLL_STATUS,PASSWORD2) values ('artist2','123','이써이','25','남자','01025341530','JECK77@NAVER.COM','10417,경기도 고양시 일산동구 경의로 318,(백석동)',to_date('20/12/28','RR/MM/DD'),'1',1,'123');
Insert into ARTIST (ARTIST_ID,PASSWORD,ARTIST_NAME,AGE,GENDER,PHONE,EMAIL,WORK_ADDRESS,ENROLL_DATE,BUSINESS_NO,ENROLL_STATUS,PASSWORD2) values ('artist3','123','현머이','25','남자','01025341530','JECK77@NAVER.COM','10417,경기도 고양시 일산동구 경의로 318,(백석동)',to_date('20/12/28','RR/MM/DD'),'1',1,'123');
Insert into ARTIST (ARTIST_ID,PASSWORD,ARTIST_NAME,AGE,GENDER,PHONE,EMAIL,WORK_ADDRESS,ENROLL_DATE,BUSINESS_NO,ENROLL_STATUS,PASSWORD2) values ('artist4','123','써여이','25','여자','01025341530','JECK77@NAVER.COM','10417,경기도 고양시 일산동구 경의로 318,(백석동)',to_date('20/12/28','RR/MM/DD'),'1',1,'123');
Insert into ARTIST (ARTIST_ID,PASSWORD,ARTIST_NAME,AGE,GENDER,PHONE,EMAIL,WORK_ADDRESS,ENROLL_DATE,BUSINESS_NO,ENROLL_STATUS,PASSWORD2) values ('artist5','123','아티스트5','25','남자','01025341530','JECK77@NAVER.COM','10417,경기도 고양시 일산동구 경의로 318,(백석동)',to_date('20/12/28','RR/MM/DD'),'1',1,'123');
Insert into ARTIST (ARTIST_ID,PASSWORD,ARTIST_NAME,AGE,GENDER,PHONE,EMAIL,WORK_ADDRESS,ENROLL_DATE,BUSINESS_NO,ENROLL_STATUS,PASSWORD2) values ('artist6','123','아티스트6','25','남자','01025341530','JECK77@NAVER.COM','10417,경기도 고양시 일산동구 경의로 318,(백석동)',to_date('20/12/28','RR/MM/DD'),'1',1,'123');
Insert into ARTIST (ARTIST_ID,PASSWORD,ARTIST_NAME,AGE,GENDER,PHONE,EMAIL,WORK_ADDRESS,ENROLL_DATE,BUSINESS_NO,ENROLL_STATUS,PASSWORD2) values ('artist7','123','아티스트7','25','남자','01025341530','JECK77@NAVER.COM','10417,경기도 고양시 일산동구 경의로 318,(백석동)',to_date('20/12/28','RR/MM/DD'),'1',1,'123');
Insert into ARTIST (ARTIST_ID,PASSWORD,ARTIST_NAME,AGE,GENDER,PHONE,EMAIL,WORK_ADDRESS,ENROLL_DATE,BUSINESS_NO,ENROLL_STATUS,PASSWORD2) values ('artist8','123','아티스트8','25','남자','01025341530','JECK77@NAVER.COM','10417,경기도 고양시 일산동구 경의로 318,(백석동)',to_date('20/12/28','RR/MM/DD'),'1',1,'123');
Insert into ARTIST (ARTIST_ID,PASSWORD,ARTIST_NAME,AGE,GENDER,PHONE,EMAIL,WORK_ADDRESS,ENROLL_DATE,BUSINESS_NO,ENROLL_STATUS,PASSWORD2) values ('artist9','123','아티스트9','25','남자','01025341530','JECK77@NAVER.COM','10417,경기도 고양시 일산동구 경의로 318,(백석동)',to_date('20/12/28','RR/MM/DD'),'1',1,'123');
Insert into ARTIST (ARTIST_ID,PASSWORD,ARTIST_NAME,AGE,GENDER,PHONE,EMAIL,WORK_ADDRESS,ENROLL_DATE,BUSINESS_NO,ENROLL_STATUS,PASSWORD2) values ('artist10','123','아티스트10','25','남자','01025341530','JECK77@NAVER.COM','10417,경기도 고양시 일산동구 경의로 318,(백석동)',to_date('20/12/28','RR/MM/DD'),'1',1,'123');
Insert into ARTIST (ARTIST_ID,PASSWORD,ARTIST_NAME,AGE,GENDER,PHONE,EMAIL,WORK_ADDRESS,ENROLL_DATE,BUSINESS_NO,ENROLL_STATUS,PASSWORD2) values ('artist11','123','아티스트11','25','남자','01025341530','JECK77@NAVER.COM','10417,경기도 고양시 일산동구 경의로 318,(백석동)',to_date('20/12/28','RR/MM/DD'),'1',1,'123');
Insert into ARTIST (ARTIST_ID,PASSWORD,ARTIST_NAME,AGE,GENDER,PHONE,EMAIL,WORK_ADDRESS,ENROLL_DATE,BUSINESS_NO,ENROLL_STATUS,PASSWORD2) values ('artist12','123','아티스트12','25','남자','01025341530','JECK77@NAVER.COM','10417,경기도 고양시 일산동구 경의로 318,(백석동)',to_date('20/12/28','RR/MM/DD'),'1',1,'123');
Insert into ARTIST (ARTIST_ID,PASSWORD,ARTIST_NAME,AGE,GENDER,PHONE,EMAIL,WORK_ADDRESS,ENROLL_DATE,BUSINESS_NO,ENROLL_STATUS,PASSWORD2) values ('artist13','123','아티스트13','25','남자','01025341530','JECK77@NAVER.COM','10417,경기도 고양시 일산동구 경의로 318,(백석동)',to_date('20/12/28','RR/MM/DD'),'1',1,'123');
Insert into ARTIST (ARTIST_ID,PASSWORD,ARTIST_NAME,AGE,GENDER,PHONE,EMAIL,WORK_ADDRESS,ENROLL_DATE,BUSINESS_NO,ENROLL_STATUS,PASSWORD2) values ('artist14','123','아티스트14','25','남자','01025341530','JECK77@NAVER.COM','10417,경기도 고양시 일산동구 경의로 318,(백석동)',to_date('20/12/28','RR/MM/DD'),'1',1,'123');
Insert into ARTIST (ARTIST_ID,PASSWORD,ARTIST_NAME,AGE,GENDER,PHONE,EMAIL,WORK_ADDRESS,ENROLL_DATE,BUSINESS_NO,ENROLL_STATUS,PASSWORD2) values ('artist15','123','아티스트15','25','남자','01025341530','JECK77@NAVER.COM','10417,경기도 고양시 일산동구 경의로 318,(백석동)',to_date('20/12/28','RR/MM/DD'),'1',1,'123');


--커스터머 인서트
Insert into CUSTOMER (CUSTOMER_ID,PASSWORD,PASSWORD2,CUSTOMER_NAME,AGE,GENDER,PHONE,EMAIL,ADDRESS,ENROLL_DATE,CUSTOMER_PROFILE) values ('admin','admin','admin','관리자',99,'중성','01025341530','jeck77@naver.com','10417,경기도 고양시 일산동구 경의로 318,(백석동)',to_date('20/12/28','RR/MM/DD'),'admin.PNG');
Insert into CUSTOMER (CUSTOMER_ID,PASSWORD,PASSWORD2,CUSTOMER_NAME,AGE,GENDER,PHONE,EMAIL,ADDRESS,ENROLL_DATE,CUSTOMER_PROFILE) values ('test1','123','123','안정민',25,'남자','01025341530','jeck77@naver.com','10417,경기도 고양시 일산동구 경의로 318,(백석동)',to_date('20/12/28','RR/MM/DD'),'20201228120414.jpg');
Insert into CUSTOMER (CUSTOMER_ID,PASSWORD,PASSWORD2,CUSTOMER_NAME,AGE,GENDER,PHONE,EMAIL,ADDRESS,ENROLL_DATE,CUSTOMER_PROFILE) values ('test2','123','123','서이석',25,'남자','01025341530','jeck77@naver.com','10417,경기도 고양시 일산동구 경의로 318,(백석동)',to_date('20/12/28','RR/MM/DD'),'20201228120434.jpg');
Insert into CUSTOMER (CUSTOMER_ID,PASSWORD,PASSWORD2,CUSTOMER_NAME,AGE,GENDER,PHONE,EMAIL,ADDRESS,ENROLL_DATE,CUSTOMER_PROFILE) values ('test3','123','123','오서연',25,'여자','01025341530','jeck77@naver.com','10417,경기도 고양시 일산동구 경의로 318,(백석동)',to_date('20/12/28','RR/MM/DD'),'20201228120346.jpg');
Insert into CUSTOMER (CUSTOMER_ID,PASSWORD,PASSWORD2,CUSTOMER_NAME,AGE,GENDER,PHONE,EMAIL,ADDRESS,ENROLL_DATE,CUSTOMER_PROFILE) values ('test4','123','123','윤현모',25,'남자','01025341530','jeck77@naver.com','10417,경기도 고양시 일산동구 경의로 318,(백석동)',to_date('20/12/28','RR/MM/DD'),'20201228120507.jpg');
Insert into CUSTOMER (CUSTOMER_ID,PASSWORD,PASSWORD2,CUSTOMER_NAME,AGE,GENDER,PHONE,EMAIL,ADDRESS,ENROLL_DATE,CUSTOMER_PROFILE) values ('test5','123','123','호옹이1',25,'남자','01025341530','jeck77@naver.com','10417,경기도 고양시 일산동구 경의로 318,(백석동)',to_date('20/12/28','RR/MM/DD'),'20201228120543.jpg');
Insert into CUSTOMER (CUSTOMER_ID,PASSWORD,PASSWORD2,CUSTOMER_NAME,AGE,GENDER,PHONE,EMAIL,ADDRESS,ENROLL_DATE,CUSTOMER_PROFILE) values ('test6','123','123','호옹이2',25,'남자','01025341530','jeck77@naver.com','10417,경기도 고양시 일산동구 경의로 318,(백석동)',to_date('20/12/28','RR/MM/DD'),null);
Insert into CUSTOMER (CUSTOMER_ID,PASSWORD,PASSWORD2,CUSTOMER_NAME,AGE,GENDER,PHONE,EMAIL,ADDRESS,ENROLL_DATE,CUSTOMER_PROFILE) values ('test7','123','123','호옹이3',25,'남자','01025341530','jeck77@naver.com','10417,경기도 고양시 일산동구 경의로 318,(백석동)',to_date('20/12/28','RR/MM/DD'),'20201228120901.jpg');
Insert into CUSTOMER (CUSTOMER_ID,PASSWORD,PASSWORD2,CUSTOMER_NAME,AGE,GENDER,PHONE,EMAIL,ADDRESS,ENROLL_DATE,CUSTOMER_PROFILE) values ('test8','123','123','호옹이4',25,'남자','01025341530','jeck77@naver.com','10417,경기도 고양시 일산동구 경의로 318,(백석동)',to_date('20/12/28','RR/MM/DD'),'20201228123738.jpg');
Insert into CUSTOMER (CUSTOMER_ID,PASSWORD,PASSWORD2,CUSTOMER_NAME,AGE,GENDER,PHONE,EMAIL,ADDRESS,ENROLL_DATE,CUSTOMER_PROFILE) values ('test9','123','123','호옹이5',25,'남자','01025341530','jeck77@naver.com','10417,경기도 고양시 일산동구 경의로 318,(백석동)',to_date('20/12/28','RR/MM/DD'),null);
Insert into CUSTOMER (CUSTOMER_ID,PASSWORD,PASSWORD2,CUSTOMER_NAME,AGE,GENDER,PHONE,EMAIL,ADDRESS,ENROLL_DATE,CUSTOMER_PROFILE) values ('test10','123','123','호옹이6',25,'남자','01025341530','jeck77@naver.com','10417,경기도 고양시 일산동구 경의로 318,(백석동)',to_date('20/12/28','RR/MM/DD'),'20201228123834.jpg');
Insert into CUSTOMER (CUSTOMER_ID,PASSWORD,PASSWORD2,CUSTOMER_NAME,AGE,GENDER,PHONE,EMAIL,ADDRESS,ENROLL_DATE,CUSTOMER_PROFILE) values ('test11','123','123','호옹이7',25,'남자','01025341530','jeck77@naver.com','10417,경기도 고양시 일산동구 경의로 318,(백석동)',to_date('20/12/28','RR/MM/DD'),null);
Insert into CUSTOMER (CUSTOMER_ID,PASSWORD,PASSWORD2,CUSTOMER_NAME,AGE,GENDER,PHONE,EMAIL,ADDRESS,ENROLL_DATE,CUSTOMER_PROFILE) values ('test12','123','123','호옹이8',25,'남자','01025341530','jeck77@naver.com','10417,경기도 고양시 일산동구 경의로 318,(백석동)',to_date('20/12/28','RR/MM/DD'),'20201228122538.png');
Insert into CUSTOMER (CUSTOMER_ID,PASSWORD,PASSWORD2,CUSTOMER_NAME,AGE,GENDER,PHONE,EMAIL,ADDRESS,ENROLL_DATE,CUSTOMER_PROFILE) values ('test13','123','123','호옹이9',25,'남자','01025341530','jeck77@naver.com','10417,경기도 고양시 일산동구 경의로 318,(백석동)',to_date('20/12/28','RR/MM/DD'),'20201228123343.PNG');
Insert into CUSTOMER (CUSTOMER_ID,PASSWORD,PASSWORD2,CUSTOMER_NAME,AGE,GENDER,PHONE,EMAIL,ADDRESS,ENROLL_DATE,CUSTOMER_PROFILE) values ('test14','123','123','호옹이10',25,'남자','01025341530','jeck77@naver.com','10417,경기도 고양시 일산동구 경의로 318,(백석동)',to_date('20/12/28','RR/MM/DD'),'20201228123923.jpg');
Insert into CUSTOMER (CUSTOMER_ID,PASSWORD,PASSWORD2,CUSTOMER_NAME,AGE,GENDER,PHONE,EMAIL,ADDRESS,ENROLL_DATE,CUSTOMER_PROFILE) values ('test15','123','123','호옹이11',25,'남자','01025341530','jeck77@naver.com','10417,경기도 고양시 일산동구 경의로 318,(백석동)',to_date('20/12/28','RR/MM/DD'),'20201228123322.PNG');
Insert into CUSTOMER (CUSTOMER_ID,PASSWORD,PASSWORD2,CUSTOMER_NAME,AGE,GENDER,PHONE,EMAIL,ADDRESS,ENROLL_DATE,CUSTOMER_PROFILE) values ('test16','123','123','호옹이12',25,'남자','01025341530','jeck77@naver.com','10417,경기도 고양시 일산동구 경의로 318,(백석동)',to_date('20/12/28','RR/MM/DD'),null);
Insert into CUSTOMER (CUSTOMER_ID,PASSWORD,PASSWORD2,CUSTOMER_NAME,AGE,GENDER,PHONE,EMAIL,ADDRESS,ENROLL_DATE,CUSTOMER_PROFILE) values ('test17','123','123','호옹이13',25,'남자','01025341530','jeck77@naver.com','10417,경기도 고양시 일산동구 경의로 318,(백석동)',to_date('20/12/28','RR/MM/DD'),null);
Insert into CUSTOMER (CUSTOMER_ID,PASSWORD,PASSWORD2,CUSTOMER_NAME,AGE,GENDER,PHONE,EMAIL,ADDRESS,ENROLL_DATE,CUSTOMER_PROFILE) values ('test18','123','123','호옹이14',25,'남자','01025341530','jeck77@naver.com','10417,경기도 고양시 일산동구 경의로 318,(백석동)',to_date('20/12/28','RR/MM/DD'),null);
Insert into CUSTOMER (CUSTOMER_ID,PASSWORD,PASSWORD2,CUSTOMER_NAME,AGE,GENDER,PHONE,EMAIL,ADDRESS,ENROLL_DATE,CUSTOMER_PROFILE) values ('test19','123','123','호옹이15',25,'남자','01025341530','jeck77@naver.com','10417,경기도 고양시 일산동구 경의로 318,(백석동)',to_date('20/12/28','RR/MM/DD'),null);
Insert into CUSTOMER (CUSTOMER_ID,PASSWORD,PASSWORD2,CUSTOMER_NAME,AGE,GENDER,PHONE,EMAIL,ADDRESS,ENROLL_DATE,CUSTOMER_PROFILE) values ('test20','123','123','호옹이16',25,'남자','01025341530','jeck77@naver.com','10417,경기도 고양시 일산동구 경의로 318,(백석동)',to_date('20/12/28','RR/MM/DD'),null);


--아티스트 인포
Insert into ARTISTINFO (NAME,MY_PROFILE,MY_REPROFILE,MY_INFO,CREATE_DATE,MODIFY_DATE,ARTIST_ID) values ('admin','admin','admin.PNG','admin.PNG',to_date('20/12/28','RR/MM/DD'),to_date('20/12/28','RR/MM/DD'),'admin');
Insert into ARTISTINFO (NAME,MY_PROFILE,MY_REPROFILE,MY_INFO,CREATE_DATE,MODIFY_DATE,ARTIST_ID) values ('나따대장 쩡미닝','a19.jpg','20201228105125.jpg','안녕하세요 ''Mr안'' 입니다. 제 작품 한 번 보고 가시겠어요?',to_date('20/12/28','RR/MM/DD'),to_date('20/12/28','RR/MM/DD'),'artist1');
Insert into ARTISTINFO (NAME,MY_PROFILE,MY_REPROFILE,MY_INFO,CREATE_DATE,MODIFY_DATE,ARTIST_ID) values ('나따파이터 나이싹 !','a15.jpg','20201228111204.jpg','안녕하세요 파이터 서이석입니다. 구경 하구 가세용 >_<',to_date('20/12/28','RR/MM/DD'),to_date('20/12/28','RR/MM/DD'),'artist2');
Insert into ARTISTINFO (NAME,MY_PROFILE,MY_REPROFILE,MY_INFO,CREATE_DATE,MODIFY_DATE,ARTIST_ID) values ('나따응애 현모','a10.jpg','20201228125618.jpg','안녕하세요 나따 응애 윤현모입니다. >_<',to_date('20/12/28','RR/MM/DD'),to_date('20/12/28','RR/MM/DD'),'artist3');
Insert into ARTISTINFO (NAME,MY_PROFILE,MY_REPROFILE,MY_INFO,CREATE_DATE,MODIFY_DATE,ARTIST_ID) values ('나따큰형님','a17.jpg','20201228112600.jpg','안녕하세요 오서연입니다. 내 작품도 보고 가십쇼',to_date('20/12/28','RR/MM/DD'),to_date('20/12/28','RR/MM/DD'),'artist4');
Insert into ARTISTINFO (NAME,MY_PROFILE,MY_REPROFILE,MY_INFO,CREATE_DATE,MODIFY_DATE,ARTIST_ID) values ('민봉식','55.jpg','20201228113606.jpg','수고하셨습니다.',to_date('20/12/28','RR/MM/DD'),to_date('20/12/28','RR/MM/DD'),'artist5');
Insert into ARTISTINFO (NAME,MY_PROFILE,MY_REPROFILE,MY_INFO,CREATE_DATE,MODIFY_DATE,ARTIST_ID) values ('마지막잎새','a16.jpg','20201228113725.jpg','털모자',to_date('20/12/28','RR/MM/DD'),to_date('20/12/28','RR/MM/DD'),'artist6');
Insert into ARTISTINFO (NAME,MY_PROFILE,MY_REPROFILE,MY_INFO,CREATE_DATE,MODIFY_DATE,ARTIST_ID) values ('Face','18.jpg','20201228114034.jpg','hello my face',to_date('20/12/28','RR/MM/DD'),to_date('20/12/28','RR/MM/DD'),'artist7');
Insert into ARTISTINFO (NAME,MY_PROFILE,MY_REPROFILE,MY_INFO,CREATE_DATE,MODIFY_DATE,ARTIST_ID) values ('Get It~','a2.jpg','20201228114137.jpg','기리이잇~',to_date('20/12/28','RR/MM/DD'),to_date('20/12/28','RR/MM/DD'),'artist8');
Insert into ARTISTINFO (NAME,MY_PROFILE,MY_REPROFILE,MY_INFO,CREATE_DATE,MODIFY_DATE,ARTIST_ID) values ('Duck','a14.jpg','20201228114303.jpg','꽥꽥잉',to_date('20/12/28','RR/MM/DD'),to_date('20/12/28','RR/MM/DD'),'artist9');
Insert into ARTISTINFO (NAME,MY_PROFILE,MY_REPROFILE,MY_INFO,CREATE_DATE,MODIFY_DATE,ARTIST_ID) values ('플라워','a12.jpg','20201228114907.jpg','꽃입니다.',to_date('20/12/28','RR/MM/DD'),to_date('20/12/28','RR/MM/DD'),'artist12');
Insert into ARTISTINFO (NAME,MY_PROFILE,MY_REPROFILE,MY_INFO,CREATE_DATE,MODIFY_DATE,ARTIST_ID) values ('Covid 19','a8.jpg','20201228114644.jpg','커러나',to_date('20/12/28','RR/MM/DD'),to_date('20/12/28','RR/MM/DD'),'artist10');
Insert into ARTISTINFO (NAME,MY_PROFILE,MY_REPROFILE,MY_INFO,CREATE_DATE,MODIFY_DATE,ARTIST_ID) values ('ThugCat','63.jpg','20201228114815.jpg','떡퀫',to_date('20/12/28','RR/MM/DD'),to_date('20/12/28','RR/MM/DD'),'artist11');
Insert into ARTISTINFO (NAME,MY_PROFILE,MY_REPROFILE,MY_INFO,CREATE_DATE,MODIFY_DATE,ARTIST_ID) values ('아메리칸보이','a4.jpg','20201228115034.jpg','저는 좀 잘 생겼습니다.',to_date('20/12/28','RR/MM/DD'),to_date('20/12/28','RR/MM/DD'),'artist13');


--견적
Insert into PRICE (P_STYLE,P_SIZE1,P_SIZE2,P_SIZE3,P_SIZE4,P_SIZE5,P_SIZE6,P_SIZE7,ARTIST_ID) values ('이레즈미','120000','220000','420000','220000','120000','190000','810000','artist1');
Insert into PRICE (P_STYLE,P_SIZE1,P_SIZE2,P_SIZE3,P_SIZE4,P_SIZE5,P_SIZE6,P_SIZE7,ARTIST_ID) values ('레터링','90000','100000','120000','140000','180000','190000','200000','artist1');
Insert into PRICE (P_STYLE,P_SIZE1,P_SIZE2,P_SIZE3,P_SIZE4,P_SIZE5,P_SIZE6,P_SIZE7,ARTIST_ID) values ('트라이벌','300000','400000','700000','900000','950000','990000','1000000','artist1');
Insert into PRICE (P_STYLE,P_SIZE1,P_SIZE2,P_SIZE3,P_SIZE4,P_SIZE5,P_SIZE6,P_SIZE7,ARTIST_ID) values ('리얼리스틱','180000','280000','320000','390000','890000','940000','990000','artist1');
Insert into PRICE (P_STYLE,P_SIZE1,P_SIZE2,P_SIZE3,P_SIZE4,P_SIZE5,P_SIZE6,P_SIZE7,ARTIST_ID) values ('치카노','180000','380000','420000','720000','880000','940000','970000','artist1');
Insert into PRICE (P_STYLE,P_SIZE1,P_SIZE2,P_SIZE3,P_SIZE4,P_SIZE5,P_SIZE6,P_SIZE7,ARTIST_ID) values ('올드스쿨','100000','200000','300000','340000','380000','780000','980000','artist2');
Insert into PRICE (P_STYLE,P_SIZE1,P_SIZE2,P_SIZE3,P_SIZE4,P_SIZE5,P_SIZE6,P_SIZE7,ARTIST_ID) values ('이레즈미','120000','220000','320000','540000','890000','920000','1000000','artist2');
Insert into PRICE (P_STYLE,P_SIZE1,P_SIZE2,P_SIZE3,P_SIZE4,P_SIZE5,P_SIZE6,P_SIZE7,ARTIST_ID) values ('리얼리스틱','120000','400000','700000','900000','950000','990000','1000000','artist2');
Insert into PRICE (P_STYLE,P_SIZE1,P_SIZE2,P_SIZE3,P_SIZE4,P_SIZE5,P_SIZE6,P_SIZE7,ARTIST_ID) values ('올드스쿨','180000','250000','420000','590000','680000','920000','990000','artist3');
Insert into PRICE (P_STYLE,P_SIZE1,P_SIZE2,P_SIZE3,P_SIZE4,P_SIZE5,P_SIZE6,P_SIZE7,ARTIST_ID) values ('레터링','120000','280000','300000','420000','520000','940000','970000','artist3');
Insert into PRICE (P_STYLE,P_SIZE1,P_SIZE2,P_SIZE3,P_SIZE4,P_SIZE5,P_SIZE6,P_SIZE7,ARTIST_ID) values ('트라이벌','120000','280000','320000','420000','520000','780000','990000','artist3');
Insert into PRICE (P_STYLE,P_SIZE1,P_SIZE2,P_SIZE3,P_SIZE4,P_SIZE5,P_SIZE6,P_SIZE7,ARTIST_ID) values ('리얼리스틱','180000','280000','320000','390000','520000','780000','810000','artist3');
Insert into PRICE (P_STYLE,P_SIZE1,P_SIZE2,P_SIZE3,P_SIZE4,P_SIZE5,P_SIZE6,P_SIZE7,ARTIST_ID) values ('올드스쿨','90000','150000','220000','420000','880000','920000','970000','artist4');
Insert into PRICE (P_STYLE,P_SIZE1,P_SIZE2,P_SIZE3,P_SIZE4,P_SIZE5,P_SIZE6,P_SIZE7,ARTIST_ID) values ('리얼리스틱','180000','220000','420000','490000','520000','780000','970000','artist4');
Insert into PRICE (P_STYLE,P_SIZE1,P_SIZE2,P_SIZE3,P_SIZE4,P_SIZE5,P_SIZE6,P_SIZE7,ARTIST_ID) values ('치카노','90000','280000','420000','720000','820000','940000','990000','artist4');
Insert into PRICE (P_STYLE,P_SIZE1,P_SIZE2,P_SIZE3,P_SIZE4,P_SIZE5,P_SIZE6,P_SIZE7,ARTIST_ID) values ('트라이벌','180000','280000','320000','420000','520000','780000','810000','artist4');
Insert into PRICE (P_STYLE,P_SIZE1,P_SIZE2,P_SIZE3,P_SIZE4,P_SIZE5,P_SIZE6,P_SIZE7,ARTIST_ID) values ('올드스쿨','120000','150000','320000','220000','520000','780000','1000000','artist5');
Insert into PRICE (P_STYLE,P_SIZE1,P_SIZE2,P_SIZE3,P_SIZE4,P_SIZE5,P_SIZE6,P_SIZE7,ARTIST_ID) values ('이레즈미','180000','150000','700000','220000','950000','940000','200000','artist6');
Insert into PRICE (P_STYLE,P_SIZE1,P_SIZE2,P_SIZE3,P_SIZE4,P_SIZE5,P_SIZE6,P_SIZE7,ARTIST_ID) values ('레터링','90000','150000','420000','220000','520000','780000','612000','artist7');
Insert into PRICE (P_STYLE,P_SIZE1,P_SIZE2,P_SIZE3,P_SIZE4,P_SIZE5,P_SIZE6,P_SIZE7,ARTIST_ID) values ('올드스쿨','180000','220000','320000','900000','890000','940000','612000','artist8');
Insert into PRICE (P_STYLE,P_SIZE1,P_SIZE2,P_SIZE3,P_SIZE4,P_SIZE5,P_SIZE6,P_SIZE7,ARTIST_ID) values ('레터링','180000','150000','220000','900000','120000','940000','1000000','artist9');
Insert into PRICE (P_STYLE,P_SIZE1,P_SIZE2,P_SIZE3,P_SIZE4,P_SIZE5,P_SIZE6,P_SIZE7,ARTIST_ID) values ('이레즈미','120000','280000','420000','900000','890000','940000','200000','artist10');
Insert into PRICE (P_STYLE,P_SIZE1,P_SIZE2,P_SIZE3,P_SIZE4,P_SIZE5,P_SIZE6,P_SIZE7,ARTIST_ID) values ('올드스쿨','120000','220000','320000','900000','950000','780000','612000','artist11');
Insert into PRICE (P_STYLE,P_SIZE1,P_SIZE2,P_SIZE3,P_SIZE4,P_SIZE5,P_SIZE6,P_SIZE7,ARTIST_ID) values ('이레즈미','180000','150000','220000','220000','120000','920000','200000','artist12');
Insert into PRICE (P_STYLE,P_SIZE1,P_SIZE2,P_SIZE3,P_SIZE4,P_SIZE5,P_SIZE6,P_SIZE7,ARTIST_ID) values ('이레즈미','90000','280000','420000',null,null,null,null,'artist13');

--작품
Insert into WORK (WORK_CODE,WORK_IMGPATH,WORK_REIMGPATH,WORK_INFO,WORK_STYLE,WORK_CREATEDATE,WORK_MODIFYDATE,ARTIST_ID) values (1,'52.jpg','20201228110023.jpg','맛있는 한우가 생각나는 작품입니다.','올드스쿨',to_date('20/12/28','RR/MM/DD'),to_date('20/12/28','RR/MM/DD'),'artist1');
Insert into WORK (WORK_CODE,WORK_IMGPATH,WORK_REIMGPATH,WORK_INFO,WORK_STYLE,WORK_CREATEDATE,WORK_MODIFYDATE,ARTIST_ID) values (2,'70.jpg','20201228110057.jpg','중세시대 할아부지입니다.','리얼리스틱',to_date('20/12/28','RR/MM/DD'),to_date('20/12/28','RR/MM/DD'),'artist1');
Insert into WORK (WORK_CODE,WORK_IMGPATH,WORK_REIMGPATH,WORK_INFO,WORK_STYLE,WORK_CREATEDATE,WORK_MODIFYDATE,ARTIST_ID) values (3,'66.jpg','20201228110126.jpg','태양계입니다 수금지화목토천해','리얼리스틱',to_date('20/12/28','RR/MM/DD'),to_date('20/12/28','RR/MM/DD'),'artist1');
Insert into WORK (WORK_CODE,WORK_IMGPATH,WORK_REIMGPATH,WORK_INFO,WORK_STYLE,WORK_CREATEDATE,WORK_MODIFYDATE,ARTIST_ID) values (4,'25.jpg','20201228110343.jpg','꽃보다 해골','리얼리스틱',to_date('20/12/28','RR/MM/DD'),to_date('20/12/28','RR/MM/DD'),'artist1');
Insert into WORK (WORK_CODE,WORK_IMGPATH,WORK_REIMGPATH,WORK_INFO,WORK_STYLE,WORK_CREATEDATE,WORK_MODIFYDATE,ARTIST_ID) values (5,'72.jpg','20201228110402.jpg','한방에 주님 곁으로','레터링',to_date('20/12/28','RR/MM/DD'),to_date('20/12/28','RR/MM/DD'),'artist1');
Insert into WORK (WORK_CODE,WORK_IMGPATH,WORK_REIMGPATH,WORK_INFO,WORK_STYLE,WORK_CREATEDATE,WORK_MODIFYDATE,ARTIST_ID) values (6,'71.jpg','20201228110436.jpg','시간은 소중합니다.','치카노',to_date('20/12/28','RR/MM/DD'),to_date('20/12/28','RR/MM/DD'),'artist1');
Insert into WORK (WORK_CODE,WORK_IMGPATH,WORK_REIMGPATH,WORK_INFO,WORK_STYLE,WORK_CREATEDATE,WORK_MODIFYDATE,ARTIST_ID) values (7,'37.jpg','20201228110449.jpg','어흥!!!','트라이벌',to_date('20/12/28','RR/MM/DD'),to_date('20/12/28','RR/MM/DD'),'artist1');
Insert into WORK (WORK_CODE,WORK_IMGPATH,WORK_REIMGPATH,WORK_INFO,WORK_STYLE,WORK_CREATEDATE,WORK_MODIFYDATE,ARTIST_ID) values (8,'13.jpg','20201228110510.jpg','붱붱붱붱붱','리얼리스틱',to_date('20/12/28','RR/MM/DD'),to_date('20/12/28','RR/MM/DD'),'artist1');
Insert into WORK (WORK_CODE,WORK_IMGPATH,WORK_REIMGPATH,WORK_INFO,WORK_STYLE,WORK_CREATEDATE,WORK_MODIFYDATE,ARTIST_ID) values (9,'38.jpg','20201228110528.jpg','호레클래스','리얼리스틱',to_date('20/12/28','RR/MM/DD'),to_date('20/12/28','RR/MM/DD'),'artist1');
Insert into WORK (WORK_CODE,WORK_IMGPATH,WORK_REIMGPATH,WORK_INFO,WORK_STYLE,WORK_CREATEDATE,WORK_MODIFYDATE,ARTIST_ID) values (10,'18.jpg','20201228110546.jpg','나이뻐?','치카노',to_date('20/12/28','RR/MM/DD'),to_date('20/12/28','RR/MM/DD'),'artist1');
Insert into WORK (WORK_CODE,WORK_IMGPATH,WORK_REIMGPATH,WORK_INFO,WORK_STYLE,WORK_CREATEDATE,WORK_MODIFYDATE,ARTIST_ID) values (11,'24.jpg','20201228110603.jpg','나라는 꽃 안정민','리얼리스틱',to_date('20/12/28','RR/MM/DD'),to_date('20/12/28','RR/MM/DD'),'artist1');
Insert into WORK (WORK_CODE,WORK_IMGPATH,WORK_REIMGPATH,WORK_INFO,WORK_STYLE,WORK_CREATEDATE,WORK_MODIFYDATE,ARTIST_ID) values (12,'16.jpg','20201228110627.jpg','정민이 밥먹을 시간 오전 11시','치카노',to_date('20/12/28','RR/MM/DD'),to_date('20/12/28','RR/MM/DD'),'artist1');
Insert into WORK (WORK_CODE,WORK_IMGPATH,WORK_REIMGPATH,WORK_INFO,WORK_STYLE,WORK_CREATEDATE,WORK_MODIFYDATE,ARTIST_ID) values (13,'19.jpg','20201228110647.jpg','갈!','트라이벌',to_date('20/12/28','RR/MM/DD'),to_date('20/12/28','RR/MM/DD'),'artist1');
Insert into WORK (WORK_CODE,WORK_IMGPATH,WORK_REIMGPATH,WORK_INFO,WORK_STYLE,WORK_CREATEDATE,WORK_MODIFYDATE,ARTIST_ID) values (14,'15.jpg','20201228110728.jpg','나 정민이 좋아해 .. ','치카노',to_date('20/12/28','RR/MM/DD'),to_date('20/12/28','RR/MM/DD'),'artist1');
Insert into WORK (WORK_CODE,WORK_IMGPATH,WORK_REIMGPATH,WORK_INFO,WORK_STYLE,WORK_CREATEDATE,WORK_MODIFYDATE,ARTIST_ID) values (15,'57.jpg','20201228110902.jpg','제규어와 뱜','이레즈미',to_date('20/12/28','RR/MM/DD'),to_date('20/12/28','RR/MM/DD'),'artist1');
Insert into WORK (WORK_CODE,WORK_IMGPATH,WORK_REIMGPATH,WORK_INFO,WORK_STYLE,WORK_CREATEDATE,WORK_MODIFYDATE,ARTIST_ID) values (16,'51.jpg','20201228110926.jpg','늑대늑대늑대','리얼리스틱',to_date('20/12/28','RR/MM/DD'),to_date('20/12/28','RR/MM/DD'),'artist1');
Insert into WORK (WORK_CODE,WORK_IMGPATH,WORK_REIMGPATH,WORK_INFO,WORK_STYLE,WORK_CREATEDATE,WORK_MODIFYDATE,ARTIST_ID) values (17,'29.jpg','20201228110941.jpg','째각째각 소개','치카노',to_date('20/12/28','RR/MM/DD'),to_date('20/12/28','RR/MM/DD'),'artist1');
Insert into WORK (WORK_CODE,WORK_IMGPATH,WORK_REIMGPATH,WORK_INFO,WORK_STYLE,WORK_CREATEDATE,WORK_MODIFYDATE,ARTIST_ID) values (18,'1.jpg','20201228111515.jpg','꽃이지롱','리얼리스틱',to_date('20/12/28','RR/MM/DD'),to_date('20/12/28','RR/MM/DD'),'artist2');
Insert into WORK (WORK_CODE,WORK_IMGPATH,WORK_REIMGPATH,WORK_INFO,WORK_STYLE,WORK_CREATEDATE,WORK_MODIFYDATE,ARTIST_ID) values (19,'2.jpg','20201228111523.jpg','꽃이지롱','이레즈미',to_date('20/12/28','RR/MM/DD'),to_date('20/12/28','RR/MM/DD'),'artist2');
Insert into WORK (WORK_CODE,WORK_IMGPATH,WORK_REIMGPATH,WORK_INFO,WORK_STYLE,WORK_CREATEDATE,WORK_MODIFYDATE,ARTIST_ID) values (20,'3.jpg','20201228111532.jpg','꽃이지롱','리얼리스틱',to_date('20/12/28','RR/MM/DD'),to_date('20/12/28','RR/MM/DD'),'artist2');
Insert into WORK (WORK_CODE,WORK_IMGPATH,WORK_REIMGPATH,WORK_INFO,WORK_STYLE,WORK_CREATEDATE,WORK_MODIFYDATE,ARTIST_ID) values (21,'4.jpg','20201228111541.jpg','꽃이지롱','리얼리스틱',to_date('20/12/28','RR/MM/DD'),to_date('20/12/28','RR/MM/DD'),'artist2');
Insert into WORK (WORK_CODE,WORK_IMGPATH,WORK_REIMGPATH,WORK_INFO,WORK_STYLE,WORK_CREATEDATE,WORK_MODIFYDATE,ARTIST_ID) values (22,'5.jpg','20201228111551.jpg','꽃이지롱','이레즈미',to_date('20/12/28','RR/MM/DD'),to_date('20/12/28','RR/MM/DD'),'artist2');
Insert into WORK (WORK_CODE,WORK_IMGPATH,WORK_REIMGPATH,WORK_INFO,WORK_STYLE,WORK_CREATEDATE,WORK_MODIFYDATE,ARTIST_ID) values (23,'5.jpg','20201228111606.jpg','꽃이지롱','리얼리스틱',to_date('20/12/28','RR/MM/DD'),to_date('20/12/28','RR/MM/DD'),'artist2');
Insert into WORK (WORK_CODE,WORK_IMGPATH,WORK_REIMGPATH,WORK_INFO,WORK_STYLE,WORK_CREATEDATE,WORK_MODIFYDATE,ARTIST_ID) values (24,'6.jpg','20201228111620.jpg','꽃이지롱','올드스쿨',to_date('20/12/28','RR/MM/DD'),to_date('20/12/28','RR/MM/DD'),'artist2');
Insert into WORK (WORK_CODE,WORK_IMGPATH,WORK_REIMGPATH,WORK_INFO,WORK_STYLE,WORK_CREATEDATE,WORK_MODIFYDATE,ARTIST_ID) values (25,'7.jpg','20201228111634.jpg','푸쉬이이이잉~','이레즈미',to_date('20/12/28','RR/MM/DD'),to_date('20/12/28','RR/MM/DD'),'artist2');
Insert into WORK (WORK_CODE,WORK_IMGPATH,WORK_REIMGPATH,WORK_INFO,WORK_STYLE,WORK_CREATEDATE,WORK_MODIFYDATE,ARTIST_ID) values (26,'8.jpg','20201228111648.jpg','푸쉬이이이잉~','리얼리스틱',to_date('20/12/28','RR/MM/DD'),to_date('20/12/28','RR/MM/DD'),'artist2');
Insert into WORK (WORK_CODE,WORK_IMGPATH,WORK_REIMGPATH,WORK_INFO,WORK_STYLE,WORK_CREATEDATE,WORK_MODIFYDATE,ARTIST_ID) values (27,'9..jpg','20201228111655.jpg','푸쉬이이이잉~','리얼리스틱',to_date('20/12/28','RR/MM/DD'),to_date('20/12/28','RR/MM/DD'),'artist2');
Insert into WORK (WORK_CODE,WORK_IMGPATH,WORK_REIMGPATH,WORK_INFO,WORK_STYLE,WORK_CREATEDATE,WORK_MODIFYDATE,ARTIST_ID) values (28,'10..jpg','20201228111705.jpg','푸쉬이이이잉~','리얼리스틱',to_date('20/12/28','RR/MM/DD'),to_date('20/12/28','RR/MM/DD'),'artist2');
Insert into WORK (WORK_CODE,WORK_IMGPATH,WORK_REIMGPATH,WORK_INFO,WORK_STYLE,WORK_CREATEDATE,WORK_MODIFYDATE,ARTIST_ID) values (29,'12.jpg','20201228111712.jpg','푸쉬이이이잉~','리얼리스틱',to_date('20/12/28','RR/MM/DD'),to_date('20/12/28','RR/MM/DD'),'artist2');
Insert into WORK (WORK_CODE,WORK_IMGPATH,WORK_REIMGPATH,WORK_INFO,WORK_STYLE,WORK_CREATEDATE,WORK_MODIFYDATE,ARTIST_ID) values (30,'21.jpg','20201228111730.jpg','푸쉬이이이잉~','리얼리스틱',to_date('20/12/28','RR/MM/DD'),to_date('20/12/28','RR/MM/DD'),'artist2');
Insert into WORK (WORK_CODE,WORK_IMGPATH,WORK_REIMGPATH,WORK_INFO,WORK_STYLE,WORK_CREATEDATE,WORK_MODIFYDATE,ARTIST_ID) values (31,'22.jpg','20201228111741.jpg','푸쉬이이이잉~','리얼리스틱',to_date('20/12/28','RR/MM/DD'),to_date('20/12/28','RR/MM/DD'),'artist2');
Insert into WORK (WORK_CODE,WORK_IMGPATH,WORK_REIMGPATH,WORK_INFO,WORK_STYLE,WORK_CREATEDATE,WORK_MODIFYDATE,ARTIST_ID) values (32,'23.jpg','20201228111752.jpg','푸쉬이이이잉~','이레즈미',to_date('20/12/28','RR/MM/DD'),to_date('20/12/28','RR/MM/DD'),'artist2');
Insert into WORK (WORK_CODE,WORK_IMGPATH,WORK_REIMGPATH,WORK_INFO,WORK_STYLE,WORK_CREATEDATE,WORK_MODIFYDATE,ARTIST_ID) values (33,'83.jpg','20201228112149.jpg','허랭이사자','트라이벌',to_date('20/12/28','RR/MM/DD'),to_date('20/12/28','RR/MM/DD'),'artist3');
Insert into WORK (WORK_CODE,WORK_IMGPATH,WORK_REIMGPATH,WORK_INFO,WORK_STYLE,WORK_CREATEDATE,WORK_MODIFYDATE,ARTIST_ID) values (34,'82.jpg','20201228112200.jpg','내 귀에 캔디','레터링',to_date('20/12/28','RR/MM/DD'),to_date('20/12/28','RR/MM/DD'),'artist3');
Insert into WORK (WORK_CODE,WORK_IMGPATH,WORK_REIMGPATH,WORK_INFO,WORK_STYLE,WORK_CREATEDATE,WORK_MODIFYDATE,ARTIST_ID) values (35,'81.jpg','20201228112210.jpg','꽅','리얼리스틱',to_date('20/12/28','RR/MM/DD'),to_date('20/12/28','RR/MM/DD'),'artist3');
Insert into WORK (WORK_CODE,WORK_IMGPATH,WORK_REIMGPATH,WORK_INFO,WORK_STYLE,WORK_CREATEDATE,WORK_MODIFYDATE,ARTIST_ID) values (36,'69.jpg','20201228112226.jpg','염라대왕','리얼리스틱',to_date('20/12/28','RR/MM/DD'),to_date('20/12/28','RR/MM/DD'),'artist3');
Insert into WORK (WORK_CODE,WORK_IMGPATH,WORK_REIMGPATH,WORK_INFO,WORK_STYLE,WORK_CREATEDATE,WORK_MODIFYDATE,ARTIST_ID) values (37,'52.jpg','20201228112239.jpg','한우떙기누','레터링',to_date('20/12/28','RR/MM/DD'),to_date('20/12/28','RR/MM/DD'),'artist3');
Insert into WORK (WORK_CODE,WORK_IMGPATH,WORK_REIMGPATH,WORK_INFO,WORK_STYLE,WORK_CREATEDATE,WORK_MODIFYDATE,ARTIST_ID) values (38,'68.jpg','20201228112250.jpg','해걸','리얼리스틱',to_date('20/12/28','RR/MM/DD'),to_date('20/12/28','RR/MM/DD'),'artist3');
Insert into WORK (WORK_CODE,WORK_IMGPATH,WORK_REIMGPATH,WORK_INFO,WORK_STYLE,WORK_CREATEDATE,WORK_MODIFYDATE,ARTIST_ID) values (39,'32.jpg','20201228112303.jpg','숫사슴','리얼리스틱',to_date('20/12/28','RR/MM/DD'),to_date('20/12/28','RR/MM/DD'),'artist3');
Insert into WORK (WORK_CODE,WORK_IMGPATH,WORK_REIMGPATH,WORK_INFO,WORK_STYLE,WORK_CREATEDATE,WORK_MODIFYDATE,ARTIST_ID) values (40,'62.jpg','20201228112316.jpg','물개','트라이벌',to_date('20/12/28','RR/MM/DD'),to_date('20/12/28','RR/MM/DD'),'artist3');
Insert into WORK (WORK_CODE,WORK_IMGPATH,WORK_REIMGPATH,WORK_INFO,WORK_STYLE,WORK_CREATEDATE,WORK_MODIFYDATE,ARTIST_ID) values (41,'66.jpg','20201228112331.jpg','ㄱㄱㄱ','리얼리스틱',to_date('20/12/28','RR/MM/DD'),to_date('20/12/28','RR/MM/DD'),'artist3');
Insert into WORK (WORK_CODE,WORK_IMGPATH,WORK_REIMGPATH,WORK_INFO,WORK_STYLE,WORK_CREATEDATE,WORK_MODIFYDATE,ARTIST_ID) values (42,'31.jpg','20201228112344.jpg','암삿슴','리얼리스틱',to_date('20/12/28','RR/MM/DD'),to_date('20/12/28','RR/MM/DD'),'artist3');
Insert into WORK (WORK_CODE,WORK_IMGPATH,WORK_REIMGPATH,WORK_INFO,WORK_STYLE,WORK_CREATEDATE,WORK_MODIFYDATE,ARTIST_ID) values (43,'30.jpg','20201228112356.jpg','새','트라이벌',to_date('20/12/28','RR/MM/DD'),to_date('20/12/28','RR/MM/DD'),'artist3');
Insert into WORK (WORK_CODE,WORK_IMGPATH,WORK_REIMGPATH,WORK_INFO,WORK_STYLE,WORK_CREATEDATE,WORK_MODIFYDATE,ARTIST_ID) values (44,'25.jpg','20201228112418.jpg','꽃보다 해골','트라이벌',to_date('20/12/28','RR/MM/DD'),to_date('20/12/28','RR/MM/DD'),'artist3');
Insert into WORK (WORK_CODE,WORK_IMGPATH,WORK_REIMGPATH,WORK_INFO,WORK_STYLE,WORK_CREATEDATE,WORK_MODIFYDATE,ARTIST_ID) values (45,'50.jpg','20201228112434.jpg','돌고래가 울면 돌고래','리얼리스틱',to_date('20/12/28','RR/MM/DD'),to_date('20/12/28','RR/MM/DD'),'artist3');
Insert into WORK (WORK_CODE,WORK_IMGPATH,WORK_REIMGPATH,WORK_INFO,WORK_STYLE,WORK_CREATEDATE,WORK_MODIFYDATE,ARTIST_ID) values (46,'39.jpg','20201228112448.jpg','존잘사자','트라이벌',to_date('20/12/28','RR/MM/DD'),to_date('20/12/28','RR/MM/DD'),'artist3');
Insert into WORK (WORK_CODE,WORK_IMGPATH,WORK_REIMGPATH,WORK_INFO,WORK_STYLE,WORK_CREATEDATE,WORK_MODIFYDATE,ARTIST_ID) values (47,'52.jpg','20201228112817.jpg','하누','트라이벌',to_date('20/12/28','RR/MM/DD'),to_date('20/12/28','RR/MM/DD'),'artist4');
Insert into WORK (WORK_CODE,WORK_IMGPATH,WORK_REIMGPATH,WORK_INFO,WORK_STYLE,WORK_CREATEDATE,WORK_MODIFYDATE,ARTIST_ID) values (48,'51.jpg','20201228112832.jpg','느때','트라이벌',to_date('20/12/28','RR/MM/DD'),to_date('20/12/28','RR/MM/DD'),'artist4');
Insert into WORK (WORK_CODE,WORK_IMGPATH,WORK_REIMGPATH,WORK_INFO,WORK_STYLE,WORK_CREATEDATE,WORK_MODIFYDATE,ARTIST_ID) values (49,'50.jpg','20201228112846.jpg','고래?','치카노',to_date('20/12/28','RR/MM/DD'),to_date('20/12/28','RR/MM/DD'),'artist4');
Insert into WORK (WORK_CODE,WORK_IMGPATH,WORK_REIMGPATH,WORK_INFO,WORK_STYLE,WORK_CREATEDATE,WORK_MODIFYDATE,ARTIST_ID) values (50,'47.jpg','20201228112901.jpg','내목에캔디','치카노',to_date('20/12/28','RR/MM/DD'),to_date('20/12/28','RR/MM/DD'),'artist4');
Insert into WORK (WORK_CODE,WORK_IMGPATH,WORK_REIMGPATH,WORK_INFO,WORK_STYLE,WORK_CREATEDATE,WORK_MODIFYDATE,ARTIST_ID) values (51,'46.jpg','20201228113025.jpg','발목에 캔디~','트라이벌',to_date('20/12/28','RR/MM/DD'),to_date('20/12/28','RR/MM/DD'),'artist4');
Insert into WORK (WORK_CODE,WORK_IMGPATH,WORK_REIMGPATH,WORK_INFO,WORK_STYLE,WORK_CREATEDATE,WORK_MODIFYDATE,ARTIST_ID) values (52,'45.jpg','20201228113037.jpg','내 목이 꽃','트라이벌',to_date('20/12/28','RR/MM/DD'),to_date('20/12/28','RR/MM/DD'),'artist4');
Insert into WORK (WORK_CODE,WORK_IMGPATH,WORK_REIMGPATH,WORK_INFO,WORK_STYLE,WORK_CREATEDATE,WORK_MODIFYDATE,ARTIST_ID) values (53,'43.jpg','20201228113055.jpg','후~~','치카노',to_date('20/12/28','RR/MM/DD'),to_date('20/12/28','RR/MM/DD'),'artist4');
Insert into WORK (WORK_CODE,WORK_IMGPATH,WORK_REIMGPATH,WORK_INFO,WORK_STYLE,WORK_CREATEDATE,WORK_MODIFYDATE,ARTIST_ID) values (54,'40.jpg','20201228113113.jpg','꽃사자','트라이벌',to_date('20/12/28','RR/MM/DD'),to_date('20/12/28','RR/MM/DD'),'artist4');
Insert into WORK (WORK_CODE,WORK_IMGPATH,WORK_REIMGPATH,WORK_INFO,WORK_STYLE,WORK_CREATEDATE,WORK_MODIFYDATE,ARTIST_ID) values (55,'18.jpg','20201228113131.jpg','착시','치카노',to_date('20/12/28','RR/MM/DD'),to_date('20/12/28','RR/MM/DD'),'artist4');
Insert into WORK (WORK_CODE,WORK_IMGPATH,WORK_REIMGPATH,WORK_INFO,WORK_STYLE,WORK_CREATEDATE,WORK_MODIFYDATE,ARTIST_ID) values (56,'16.jpg','20201228113146.jpg','ㅎㅎㅎㅎㅎ','치카노',to_date('20/12/28','RR/MM/DD'),to_date('20/12/28','RR/MM/DD'),'artist4');
Insert into WORK (WORK_CODE,WORK_IMGPATH,WORK_REIMGPATH,WORK_INFO,WORK_STYLE,WORK_CREATEDATE,WORK_MODIFYDATE,ARTIST_ID) values (57,'15.jpg','20201228113159.jpg','우~','치카노',to_date('20/12/28','RR/MM/DD'),to_date('20/12/28','RR/MM/DD'),'artist4');
Insert into WORK (WORK_CODE,WORK_IMGPATH,WORK_REIMGPATH,WORK_INFO,WORK_STYLE,WORK_CREATEDATE,WORK_MODIFYDATE,ARTIST_ID) values (58,'14.jpg','20201228113211.jpg','눙물나','트라이벌',to_date('20/12/28','RR/MM/DD'),to_date('20/12/28','RR/MM/DD'),'artist4');
Insert into WORK (WORK_CODE,WORK_IMGPATH,WORK_REIMGPATH,WORK_INFO,WORK_STYLE,WORK_CREATEDATE,WORK_MODIFYDATE,ARTIST_ID) values (59,'5.jpg','20201228113227.jpg','나비','트라이벌',to_date('20/12/28','RR/MM/DD'),to_date('20/12/28','RR/MM/DD'),'artist4');
Insert into WORK (WORK_CODE,WORK_IMGPATH,WORK_REIMGPATH,WORK_INFO,WORK_STYLE,WORK_CREATEDATE,WORK_MODIFYDATE,ARTIST_ID) values (60,'3.jpg','20201228113240.jpg','달꽃','트라이벌',to_date('20/12/28','RR/MM/DD'),to_date('20/12/28','RR/MM/DD'),'artist4');
Insert into WORK (WORK_CODE,WORK_IMGPATH,WORK_REIMGPATH,WORK_INFO,WORK_STYLE,WORK_CREATEDATE,WORK_MODIFYDATE,ARTIST_ID) values (61,'a3.jpg','20201228113638.jpg','Hello','올드스쿨',to_date('20/12/28','RR/MM/DD'),to_date('20/12/28','RR/MM/DD'),'artist5');
Insert into WORK (WORK_CODE,WORK_IMGPATH,WORK_REIMGPATH,WORK_INFO,WORK_STYLE,WORK_CREATEDATE,WORK_MODIFYDATE,ARTIST_ID) values (62,'33.jpg','20201228113749.jpg','숫사슴','이레즈미',to_date('20/12/28','RR/MM/DD'),to_date('20/12/28','RR/MM/DD'),'artist6');
Insert into WORK (WORK_CODE,WORK_IMGPATH,WORK_REIMGPATH,WORK_INFO,WORK_STYLE,WORK_CREATEDATE,WORK_MODIFYDATE,ARTIST_ID) values (63,'74.jpg','20201228114014.jpg','ths','레터링',to_date('20/12/28','RR/MM/DD'),to_date('20/12/28','RR/MM/DD'),'artist7');
Insert into WORK (WORK_CODE,WORK_IMGPATH,WORK_REIMGPATH,WORK_INFO,WORK_STYLE,WORK_CREATEDATE,WORK_MODIFYDATE,ARTIST_ID) values (64,'51.jpg','20201228114157.jpg','가보자','올드스쿨',to_date('20/12/28','RR/MM/DD'),to_date('20/12/28','RR/MM/DD'),'artist8');
Insert into WORK (WORK_CODE,WORK_IMGPATH,WORK_REIMGPATH,WORK_INFO,WORK_STYLE,WORK_CREATEDATE,WORK_MODIFYDATE,ARTIST_ID) values (65,'25.jpg','20201228114333.jpg','ㅎㅎㅎㅎㅎㄱ','레터링',to_date('20/12/28','RR/MM/DD'),to_date('20/12/28','RR/MM/DD'),'artist9');
Insert into WORK (WORK_CODE,WORK_IMGPATH,WORK_REIMGPATH,WORK_INFO,WORK_STYLE,WORK_CREATEDATE,WORK_MODIFYDATE,ARTIST_ID) values (66,'52.jpg','20201228114713.jpg','하누','이레즈미',to_date('20/12/28','RR/MM/DD'),to_date('20/12/28','RR/MM/DD'),'artist10');
Insert into WORK (WORK_CODE,WORK_IMGPATH,WORK_REIMGPATH,WORK_INFO,WORK_STYLE,WORK_CREATEDATE,WORK_MODIFYDATE,ARTIST_ID) values (67,'18.jpg','20201228114835.jpg','ㅈㅈㅈㅈㅈ','올드스쿨',to_date('20/12/28','RR/MM/DD'),to_date('20/12/28','RR/MM/DD'),'artist11');
Insert into WORK (WORK_CODE,WORK_IMGPATH,WORK_REIMGPATH,WORK_INFO,WORK_STYLE,WORK_CREATEDATE,WORK_MODIFYDATE,ARTIST_ID) values (68,'11111111.jpg','20201228114931.jpg','메롱ㅋ','이레즈미',to_date('20/12/28','RR/MM/DD'),to_date('20/12/28','RR/MM/DD'),'artist12');
Insert into WORK (WORK_CODE,WORK_IMGPATH,WORK_REIMGPATH,WORK_INFO,WORK_STYLE,WORK_CREATEDATE,WORK_MODIFYDATE,ARTIST_ID) values (69,'57.jpg','20201228115053.jpg','ㅎㅎㅎ','이레즈미',to_date('20/12/28','RR/MM/DD'),to_date('20/12/28','RR/MM/DD'),'artist13');
Insert into WORK (WORK_CODE,WORK_IMGPATH,WORK_REIMGPATH,WORK_INFO,WORK_STYLE,WORK_CREATEDATE,WORK_MODIFYDATE,ARTIST_ID) values (70,'24.jpg','20201228124051.jpg','44','올드스쿨',to_date('20/12/28','RR/MM/DD'),to_date('20/12/28','RR/MM/DD'),'artist5');
Insert into WORK (WORK_CODE,WORK_IMGPATH,WORK_REIMGPATH,WORK_INFO,WORK_STYLE,WORK_CREATEDATE,WORK_MODIFYDATE,ARTIST_ID) values (71,'14.jpg','20201228124105.jpg','4455','올드스쿨',to_date('20/12/28','RR/MM/DD'),to_date('20/12/28','RR/MM/DD'),'artist5');
Insert into WORK (WORK_CODE,WORK_IMGPATH,WORK_REIMGPATH,WORK_INFO,WORK_STYLE,WORK_CREATEDATE,WORK_MODIFYDATE,ARTIST_ID) values (72,'18.jpg','20201228124116.jpg','123412','올드스쿨',to_date('20/12/28','RR/MM/DD'),to_date('20/12/28','RR/MM/DD'),'artist5');
Insert into WORK (WORK_CODE,WORK_IMGPATH,WORK_REIMGPATH,WORK_INFO,WORK_STYLE,WORK_CREATEDATE,WORK_MODIFYDATE,ARTIST_ID) values (73,'13.jpg','20201228124141.jpg','ffasfdsf','올드스쿨',to_date('20/12/28','RR/MM/DD'),to_date('20/12/28','RR/MM/DD'),'artist5');
Insert into WORK (WORK_CODE,WORK_IMGPATH,WORK_REIMGPATH,WORK_INFO,WORK_STYLE,WORK_CREATEDATE,WORK_MODIFYDATE,ARTIST_ID) values (74,'38.jpg','20201228124232.jpg','11111111','리얼리스틱',to_date('20/12/28','RR/MM/DD'),to_date('20/12/28','RR/MM/DD'),'artist3');
Insert into WORK (WORK_CODE,WORK_IMGPATH,WORK_REIMGPATH,WORK_INFO,WORK_STYLE,WORK_CREATEDATE,WORK_MODIFYDATE,ARTIST_ID) values (75,'51.jpg','20201228124248.jpg','sserr','레터링',to_date('20/12/28','RR/MM/DD'),to_date('20/12/28','RR/MM/DD'),'artist3');
Insert into WORK (WORK_CODE,WORK_IMGPATH,WORK_REIMGPATH,WORK_INFO,WORK_STYLE,WORK_CREATEDATE,WORK_MODIFYDATE,ARTIST_ID) values (76,'29.jpg','20201228124323.jpg','시계','리얼리스틱',to_date('20/12/28','RR/MM/DD'),to_date('20/12/28','RR/MM/DD'),'artist3');
Insert into WORK (WORK_CODE,WORK_IMGPATH,WORK_REIMGPATH,WORK_INFO,WORK_STYLE,WORK_CREATEDATE,WORK_MODIFYDATE,ARTIST_ID) values (77,'30.jpg','20201228124339.jpg','ㅎㅎ','레터링',to_date('20/12/28','RR/MM/DD'),to_date('20/12/28','RR/MM/DD'),'artist3');


--공지사항
Insert into NOTICE (NOTICE_CODE,NOTICE_TITLE,NOTICE_CONTENTS,NOTICE_WRITER,NOTICE_CREATEDATE,NOTICE_MODIFYDATE,NOTICE_HITS) values (1,'사이트 정식 오픈을 알립니다.','하이룽','admin',to_date('20/01/01','RR/MM/DD'),null,518);
Insert into NOTICE (NOTICE_CODE,NOTICE_TITLE,NOTICE_CONTENTS,NOTICE_WRITER,NOTICE_CREATEDATE,NOTICE_MODIFYDATE,NOTICE_HITS) values (2,'NATIONAL TATTOO DAY 이벤트!','세일하는중','admin',to_date('20/04/16','RR/MM/DD'),null,458);
Insert into NOTICE (NOTICE_CODE,NOTICE_TITLE,NOTICE_CONTENTS,NOTICE_WRITER,NOTICE_CREATEDATE,NOTICE_MODIFYDATE,NOTICE_HITS) values (3,'이벤트 마지막날 놓치지마셩','헐레벌떡','admin',to_date('20/04/19','RR/MM/DD'),null,501);
Insert into NOTICE (NOTICE_CODE,NOTICE_TITLE,NOTICE_CONTENTS,NOTICE_WRITER,NOTICE_CREATEDATE,NOTICE_MODIFYDATE,NOTICE_HITS) values (4,'공지입니다.','말을 잘 들으세용','admin',to_date('20/06/18','RR/MM/DD'),null,382);
Insert into NOTICE (NOTICE_CODE,NOTICE_TITLE,NOTICE_CONTENTS,NOTICE_WRITER,NOTICE_CREATEDATE,NOTICE_MODIFYDATE,NOTICE_HITS) values (5,'예약 취소 관련 안내사항','앙대','admin',to_date('20/07/01','RR/MM/DD'),null,318);
Insert into NOTICE (NOTICE_CODE,NOTICE_TITLE,NOTICE_CONTENTS,NOTICE_WRITER,NOTICE_CREATEDATE,NOTICE_MODIFYDATE,NOTICE_HITS) values (6,'오서연님의 생일입니다!','ㅊㅋ','admin',to_date('20/10/22','RR/MM/DD'),null,205);
Insert into NOTICE (NOTICE_CODE,NOTICE_TITLE,NOTICE_CONTENTS,NOTICE_WRITER,NOTICE_CREATEDATE,NOTICE_MODIFYDATE,NOTICE_HITS) values (7,'운영자입니다.','방가워요','admin',to_date('20/11/04','RR/MM/DD'),null,218);
Insert into NOTICE (NOTICE_CODE,NOTICE_TITLE,NOTICE_CONTENTS,NOTICE_WRITER,NOTICE_CREATEDATE,NOTICE_MODIFYDATE,NOTICE_HITS) values (8,'코로나 관련 안내드립니다.','조심','admin',to_date('20/11/17','RR/MM/DD'),null,299);
Insert into NOTICE (NOTICE_CODE,NOTICE_TITLE,NOTICE_CONTENTS,NOTICE_WRITER,NOTICE_CREATEDATE,NOTICE_MODIFYDATE,NOTICE_HITS) values (9,'크리스마스 이벤트!','연말세일~~','admin',to_date('20/12/24','RR/MM/DD'),null,187);
Insert into NOTICE (NOTICE_CODE,NOTICE_TITLE,NOTICE_CONTENTS,NOTICE_WRITER,NOTICE_CREATEDATE,NOTICE_MODIFYDATE,NOTICE_HITS) values (10,'코로나 관련 공지입니다.','콜록콜록','admin',to_date('20/12/28','RR/MM/DD'),null,19);


--팔로잉
Insert into FOLLOWING (CUSTOMER_ID,ARTIST_ID) values ('test1','artist1');
Insert into FOLLOWING (CUSTOMER_ID,ARTIST_ID) values ('test1','artist2');
Insert into FOLLOWING (CUSTOMER_ID,ARTIST_ID) values ('test1','artist5');
Insert into FOLLOWING (CUSTOMER_ID,ARTIST_ID) values ('test1','artist8');
Insert into FOLLOWING (CUSTOMER_ID,ARTIST_ID) values ('test1','artist6');
Insert into FOLLOWING (CUSTOMER_ID,ARTIST_ID) values ('test1','artist4');
Insert into FOLLOWING (CUSTOMER_ID,ARTIST_ID) values ('test1','artist3');
Insert into FOLLOWING (CUSTOMER_ID,ARTIST_ID) values ('test2','artist1');
Insert into FOLLOWING (CUSTOMER_ID,ARTIST_ID) values ('test2','artist3');
Insert into FOLLOWING (CUSTOMER_ID,ARTIST_ID) values ('test2','artist5');
Insert into FOLLOWING (CUSTOMER_ID,ARTIST_ID) values ('test2','artist4');
Insert into FOLLOWING (CUSTOMER_ID,ARTIST_ID) values ('test2','artist2');
Insert into FOLLOWING (CUSTOMER_ID,ARTIST_ID) values ('test3','artist1');
Insert into FOLLOWING (CUSTOMER_ID,ARTIST_ID) values ('test3','artist3');
Insert into FOLLOWING (CUSTOMER_ID,ARTIST_ID) values ('test3','artist4');
Insert into FOLLOWING (CUSTOMER_ID,ARTIST_ID) values ('test3','artist2');
Insert into FOLLOWING (CUSTOMER_ID,ARTIST_ID) values ('test4','artist1');
Insert into FOLLOWING (CUSTOMER_ID,ARTIST_ID) values ('test4','artist3');
Insert into FOLLOWING (CUSTOMER_ID,ARTIST_ID) values ('test4','artist4');
Insert into FOLLOWING (CUSTOMER_ID,ARTIST_ID) values ('test4','artist2');
Insert into FOLLOWING (CUSTOMER_ID,ARTIST_ID) values ('test4','artist5');
Insert into FOLLOWING (CUSTOMER_ID,ARTIST_ID) values ('test4','artist6');
Insert into FOLLOWING (CUSTOMER_ID,ARTIST_ID) values ('test4','artist8');
Insert into FOLLOWING (CUSTOMER_ID,ARTIST_ID) values ('test4','artist12');
Insert into FOLLOWING (CUSTOMER_ID,ARTIST_ID) values ('test4','artist13');
Insert into FOLLOWING (CUSTOMER_ID,ARTIST_ID) values ('test4','artist11');
Insert into FOLLOWING (CUSTOMER_ID,ARTIST_ID) values ('test5','artist1');
Insert into FOLLOWING (CUSTOMER_ID,ARTIST_ID) values ('test5','artist3');
Insert into FOLLOWING (CUSTOMER_ID,ARTIST_ID) values ('test5','artist11');
Insert into FOLLOWING (CUSTOMER_ID,ARTIST_ID) values ('test5','artist4');
Insert into FOLLOWING (CUSTOMER_ID,ARTIST_ID) values ('test5','artist2');
Insert into FOLLOWING (CUSTOMER_ID,ARTIST_ID) values ('test5','artist9');
Insert into FOLLOWING (CUSTOMER_ID,ARTIST_ID) values ('test6','artist13');
Insert into FOLLOWING (CUSTOMER_ID,ARTIST_ID) values ('test6','artist1');
Insert into FOLLOWING (CUSTOMER_ID,ARTIST_ID) values ('test6','artist3');
Insert into FOLLOWING (CUSTOMER_ID,ARTIST_ID) values ('test6','artist5');
Insert into FOLLOWING (CUSTOMER_ID,ARTIST_ID) values ('test6','artist11');
Insert into FOLLOWING (CUSTOMER_ID,ARTIST_ID) values ('test6','artist2');
Insert into FOLLOWING (CUSTOMER_ID,ARTIST_ID) values ('test6','artist4');
Insert into FOLLOWING (CUSTOMER_ID,ARTIST_ID) values ('test7','artist1');
Insert into FOLLOWING (CUSTOMER_ID,ARTIST_ID) values ('test7','artist3');
Insert into FOLLOWING (CUSTOMER_ID,ARTIST_ID) values ('test7','artist5');
Insert into FOLLOWING (CUSTOMER_ID,ARTIST_ID) values ('test7','artist11');
Insert into FOLLOWING (CUSTOMER_ID,ARTIST_ID) values ('test7','artist4');
Insert into FOLLOWING (CUSTOMER_ID,ARTIST_ID) values ('test7','artist2');
Insert into FOLLOWING (CUSTOMER_ID,ARTIST_ID) values ('test7','artist10');
Insert into FOLLOWING (CUSTOMER_ID,ARTIST_ID) values ('test8','artist1');
Insert into FOLLOWING (CUSTOMER_ID,ARTIST_ID) values ('test8','artist3');
Insert into FOLLOWING (CUSTOMER_ID,ARTIST_ID) values ('test8','artist5');
Insert into FOLLOWING (CUSTOMER_ID,ARTIST_ID) values ('test8','artist10');
Insert into FOLLOWING (CUSTOMER_ID,ARTIST_ID) values ('test8','artist2');
Insert into FOLLOWING (CUSTOMER_ID,ARTIST_ID) values ('test8','artist7');
Insert into FOLLOWING (CUSTOMER_ID,ARTIST_ID) values ('test9','artist1');
Insert into FOLLOWING (CUSTOMER_ID,ARTIST_ID) values ('test9','artist3');
Insert into FOLLOWING (CUSTOMER_ID,ARTIST_ID) values ('test9','artist7');
Insert into FOLLOWING (CUSTOMER_ID,ARTIST_ID) values ('test9','artist4');
Insert into FOLLOWING (CUSTOMER_ID,ARTIST_ID) values ('test9','artist2');
Insert into FOLLOWING (CUSTOMER_ID,ARTIST_ID) values ('test10','artist1');
Insert into FOLLOWING (CUSTOMER_ID,ARTIST_ID) values ('test10','artist3');
Insert into FOLLOWING (CUSTOMER_ID,ARTIST_ID) values ('test10','artist4');
Insert into FOLLOWING (CUSTOMER_ID,ARTIST_ID) values ('test10','artist8');
Insert into FOLLOWING (CUSTOMER_ID,ARTIST_ID) values ('test11','artist1');
Insert into FOLLOWING (CUSTOMER_ID,ARTIST_ID) values ('test11','artist3');
Insert into FOLLOWING (CUSTOMER_ID,ARTIST_ID) values ('test11','artist11');
Insert into FOLLOWING (CUSTOMER_ID,ARTIST_ID) values ('test11','artist4');
Insert into FOLLOWING (CUSTOMER_ID,ARTIST_ID) values ('test11','artist12');
Insert into FOLLOWING (CUSTOMER_ID,ARTIST_ID) values ('test13','artist1');
Insert into FOLLOWING (CUSTOMER_ID,ARTIST_ID) values ('test13','artist3');
Insert into FOLLOWING (CUSTOMER_ID,ARTIST_ID) values ('test13','artist7');
Insert into FOLLOWING (CUSTOMER_ID,ARTIST_ID) values ('test13','artist5');
Insert into FOLLOWING (CUSTOMER_ID,ARTIST_ID) values ('test13','artist11');
Insert into FOLLOWING (CUSTOMER_ID,ARTIST_ID) values ('test13','artist4');
Insert into FOLLOWING (CUSTOMER_ID,ARTIST_ID) values ('test13','artist2');
Insert into FOLLOWING (CUSTOMER_ID,ARTIST_ID) values ('test14','artist1');
Insert into FOLLOWING (CUSTOMER_ID,ARTIST_ID) values ('test14','artist3');
Insert into FOLLOWING (CUSTOMER_ID,ARTIST_ID) values ('test14','artist7');
Insert into FOLLOWING (CUSTOMER_ID,ARTIST_ID) values ('test14','artist11');
Insert into FOLLOWING (CUSTOMER_ID,ARTIST_ID) values ('test14','artist5');
Insert into FOLLOWING (CUSTOMER_ID,ARTIST_ID) values ('test15','artist1');
Insert into FOLLOWING (CUSTOMER_ID,ARTIST_ID) values ('test15','artist3');
Insert into FOLLOWING (CUSTOMER_ID,ARTIST_ID) values ('test15','artist4');
Insert into FOLLOWING (CUSTOMER_ID,ARTIST_ID) values ('test15','artist5');
Insert into FOLLOWING (CUSTOMER_ID,ARTIST_ID) values ('test14','artist4');
Insert into FOLLOWING (CUSTOMER_ID,ARTIST_ID) values ('test8','artist4');
Insert into FOLLOWING (CUSTOMER_ID,ARTIST_ID) values ('test12','artist4');
Insert into FOLLOWING (CUSTOMER_ID,ARTIST_ID) values ('test12','artist2');

--예약하기
REM INSERTING into RESERVATION
SET DEFINE OFF;
Insert into RESERVATION (RESERVATION_CODE,ARTIST_NAME,RESERVATION_DATE,RESERVATION_TIME,ADDRESS,ORIGINAL_FILENAME,RENAME_FILENAME,TATTOO_SIZE,REQUEST,STYLE,PART,PRICE,STATUS,SHOP_NAME,CUSTOMER_ID,ARTIST_ID) values (48,'현머이',to_date('21/01/06','RR/MM/DD'),'11:00 ~ 13:00','경기도 고양시 일산동구 경의로 318','도안 10.png','20201228162249.png','38mmx38mm','잘부탁드립니다 ㅎㅎ','레터링','어깨','120000',2,'나따응애 현모','test1','artist3');
Insert into RESERVATION (RESERVATION_CODE,ARTIST_NAME,RESERVATION_DATE,RESERVATION_TIME,ADDRESS,ORIGINAL_FILENAME,RENAME_FILENAME,TATTOO_SIZE,REQUEST,STYLE,PART,PRICE,STATUS,SHOP_NAME,CUSTOMER_ID,ARTIST_ID) values (46,'현머이',to_date('21/01/04','RR/MM/DD'),'09:00 ~ 11:00','경기도 고양시 일산동구 경의로 318','도안1.jpg','20201228162203.jpg','38mmx38mm','잘부탁드립니다 ㅎㅎ','올드스쿨','팔','180000',2,'나따응애 현모','test1','artist3');
Insert into RESERVATION (RESERVATION_CODE,ARTIST_NAME,RESERVATION_DATE,RESERVATION_TIME,ADDRESS,ORIGINAL_FILENAME,RENAME_FILENAME,TATTOO_SIZE,REQUEST,STYLE,PART,PRICE,STATUS,SHOP_NAME,CUSTOMER_ID,ARTIST_ID) values (49,'쩡미이',to_date('21/01/06','RR/MM/DD'),'14:00 ~ 16:00','경기도 고양시 일산동구 경의로 318','도안7.jpg','20201228162312.jpg','38mmx64mm','잘부탁드립니다 ㅎㅎ','레터링','다리','100000',2,'나따대장 쩡미닝','test1','artist1');
Insert into RESERVATION (RESERVATION_CODE,ARTIST_NAME,RESERVATION_DATE,RESERVATION_TIME,ADDRESS,ORIGINAL_FILENAME,RENAME_FILENAME,TATTOO_SIZE,REQUEST,STYLE,PART,PRICE,STATUS,SHOP_NAME,CUSTOMER_ID,ARTIST_ID) values (50,'쩡미이',to_date('21/01/14','RR/MM/DD'),'16:00 ~ 18:00','경기도 고양시 일산동구 경의로 318','도안7.jpg','20201228162331.jpg','65mmx76mm','잘부탁드립니다 ㅎㅎ','치카노','등','420000',1,'나따대장 쩡미닝','test1','artist1');
Insert into RESERVATION (RESERVATION_CODE,ARTIST_NAME,RESERVATION_DATE,RESERVATION_TIME,ADDRESS,ORIGINAL_FILENAME,RENAME_FILENAME,TATTOO_SIZE,REQUEST,STYLE,PART,PRICE,STATUS,SHOP_NAME,CUSTOMER_ID,ARTIST_ID) values (51,'이써이',to_date('21/01/21','RR/MM/DD'),'09:00 ~ 11:00','경기도 고양시 일산동구 경의로 318','도안11.png','20201228162349.png','65mmx76mm','잘부탁드립니다 ㅎㅎ','리얼리스틱','다리','700000',0,'나따파이터 나이싹 !','test1','artist2');
Insert into RESERVATION (RESERVATION_CODE,ARTIST_NAME,RESERVATION_DATE,RESERVATION_TIME,ADDRESS,ORIGINAL_FILENAME,RENAME_FILENAME,TATTOO_SIZE,REQUEST,STYLE,PART,PRICE,STATUS,SHOP_NAME,CUSTOMER_ID,ARTIST_ID) values (52,'이써이',to_date('21/01/13','RR/MM/DD'),'16:00 ~ 18:00','경기도 고양시 일산동구 경의로 318','도안7.jpg','20201228162436.jpg','65mmx76mm','잘부탁드립니다 ㅎㅎ','올드스쿨','다리','300000',2,'나따파이터 나이싹 !','test1','artist2');
Insert into RESERVATION (RESERVATION_CODE,ARTIST_NAME,RESERVATION_DATE,RESERVATION_TIME,ADDRESS,ORIGINAL_FILENAME,RENAME_FILENAME,TATTOO_SIZE,REQUEST,STYLE,PART,PRICE,STATUS,SHOP_NAME,CUSTOMER_ID,ARTIST_ID) values (53,'써여이',to_date('21/01/28','RR/MM/DD'),'base','경기도 고양시 일산동구 경의로 318','도안5.jpg','20201228162455.jpg','65mmx76mm','잘부탁드립니다 ㅎㅎ','치카노','어깨','420000',2,'나따큰형님','test1','artist4');
Insert into RESERVATION (RESERVATION_CODE,ARTIST_NAME,RESERVATION_DATE,RESERVATION_TIME,ADDRESS,ORIGINAL_FILENAME,RENAME_FILENAME,TATTOO_SIZE,REQUEST,STYLE,PART,PRICE,STATUS,SHOP_NAME,CUSTOMER_ID,ARTIST_ID) values (54,'써여이',to_date('21/01/06','RR/MM/DD'),'14:00 ~ 16:00','경기도 고양시 일산동구 경의로 318','도안 11.jpg','20201228162526.jpg','65mmx76mm','잘부탁드립니다 ㅎㅎ','치카노','다리','420000',2,'나따큰형님','test1','artist4');
Insert into RESERVATION (RESERVATION_CODE,ARTIST_NAME,RESERVATION_DATE,RESERVATION_TIME,ADDRESS,ORIGINAL_FILENAME,RENAME_FILENAME,TATTOO_SIZE,REQUEST,STYLE,PART,PRICE,STATUS,SHOP_NAME,CUSTOMER_ID,ARTIST_ID) values (55,'현머이',to_date('21/01/06','RR/MM/DD'),'09:00 ~ 11:00','경기도 고양시 일산동구 경의로 318','도안2.jpg','20201228162614.jpg','65mmx76mm','잘 부탁드립니다 ㅎㅎ','올드스쿨','팔','420000',2,'나따응애 현모','test2','artist3');
Insert into RESERVATION (RESERVATION_CODE,ARTIST_NAME,RESERVATION_DATE,RESERVATION_TIME,ADDRESS,ORIGINAL_FILENAME,RENAME_FILENAME,TATTOO_SIZE,REQUEST,STYLE,PART,PRICE,STATUS,SHOP_NAME,CUSTOMER_ID,ARTIST_ID) values (56,'현머이',to_date('21/01/05','RR/MM/DD'),'11:00 ~ 13:00','경기도 고양시 일산동구 경의로 318','도안5.jpg','20201228162636.jpg','102mmx127mm','잘 부탁드립니다 ㅎㅎ','리얼리스틱','팔','390000',2,'나따응애 현모','test2','artist3');
Insert into RESERVATION (RESERVATION_CODE,ARTIST_NAME,RESERVATION_DATE,RESERVATION_TIME,ADDRESS,ORIGINAL_FILENAME,RENAME_FILENAME,TATTOO_SIZE,REQUEST,STYLE,PART,PRICE,STATUS,SHOP_NAME,CUSTOMER_ID,ARTIST_ID) values (57,'쩡미이',to_date('21/01/21','RR/MM/DD'),'14:00 ~ 16:00','경기도 고양시 일산동구 경의로 318','도안8.jpg','20201228162654.jpg','102mmx127mm','잘 부탁드립니다 ㅎㅎ','이레즈미','어깨','220000',0,'나따대장 쩡미닝','test2','artist1');
Insert into RESERVATION (RESERVATION_CODE,ARTIST_NAME,RESERVATION_DATE,RESERVATION_TIME,ADDRESS,ORIGINAL_FILENAME,RENAME_FILENAME,TATTOO_SIZE,REQUEST,STYLE,PART,PRICE,STATUS,SHOP_NAME,CUSTOMER_ID,ARTIST_ID) values (58,'써여이',to_date('21/01/13','RR/MM/DD'),'base','경기도 고양시 일산동구 경의로 318','도안 10.png','20201228162751.png','65mmx76mm','잘 부탁드립니다 ㅎㅎ','올드스쿨','어깨','220000',2,'나따큰형님','test2','artist4');
Insert into RESERVATION (RESERVATION_CODE,ARTIST_NAME,RESERVATION_DATE,RESERVATION_TIME,ADDRESS,ORIGINAL_FILENAME,RENAME_FILENAME,TATTOO_SIZE,REQUEST,STYLE,PART,PRICE,STATUS,SHOP_NAME,CUSTOMER_ID,ARTIST_ID) values (59,'써여이',to_date('21/01/27','RR/MM/DD'),'14:00 ~ 16:00','경기도 고양시 일산동구 경의로 318','도안8.jpg','20201228162812.jpg','152mmx152mm','잘 부탁드립니다 ㅎㅎ','트라이벌','등','520000',2,'나따큰형님','test2','artist4');
Insert into RESERVATION (RESERVATION_CODE,ARTIST_NAME,RESERVATION_DATE,RESERVATION_TIME,ADDRESS,ORIGINAL_FILENAME,RENAME_FILENAME,TATTOO_SIZE,REQUEST,STYLE,PART,PRICE,STATUS,SHOP_NAME,CUSTOMER_ID,ARTIST_ID) values (60,'이써이',to_date('21/01/13','RR/MM/DD'),'09:00 ~ 11:00','경기도 고양시 일산동구 경의로 318','도안4.jpg','20201228162841.jpg','102mmx127mm','잘 부탁드립니다 ㅎㅎ','올드스쿨','팔','340000',2,'나따파이터 나이싹 !','test2','artist2');
Insert into RESERVATION (RESERVATION_CODE,ARTIST_NAME,RESERVATION_DATE,RESERVATION_TIME,ADDRESS,ORIGINAL_FILENAME,RENAME_FILENAME,TATTOO_SIZE,REQUEST,STYLE,PART,PRICE,STATUS,SHOP_NAME,CUSTOMER_ID,ARTIST_ID) values (61,'현머이',to_date('21/01/04','RR/MM/DD'),'14:00 ~ 16:00','경기도 고양시 일산동구 경의로 318','도안 10.png','20201228162916.png','38mmx38mm','잘 부탁드립니다 ㅎㅎ','레터링','다리','120000',2,'나따응애 현모','test3','artist3');
Insert into RESERVATION (RESERVATION_CODE,ARTIST_NAME,RESERVATION_DATE,RESERVATION_TIME,ADDRESS,ORIGINAL_FILENAME,RENAME_FILENAME,TATTOO_SIZE,REQUEST,STYLE,PART,PRICE,STATUS,SHOP_NAME,CUSTOMER_ID,ARTIST_ID) values (62,'이써이',to_date('21/01/06','RR/MM/DD'),'14:00 ~ 16:00','경기도 고양시 일산동구 경의로 318','도안8.jpg','20201228162934.jpg','65mmx76mm','잘 부탁드립니다 ㅎㅎ','리얼리스틱','팔','700000',2,'나따파이터 나이싹 !','test3','artist2');
Insert into RESERVATION (RESERVATION_CODE,ARTIST_NAME,RESERVATION_DATE,RESERVATION_TIME,ADDRESS,ORIGINAL_FILENAME,RENAME_FILENAME,TATTOO_SIZE,REQUEST,STYLE,PART,PRICE,STATUS,SHOP_NAME,CUSTOMER_ID,ARTIST_ID) values (63,'써여이',to_date('21/01/05','RR/MM/DD'),'11:00 ~ 13:00','경기도 고양시 일산동구 경의로 318','도안8.jpg','20201228162950.jpg','base','잘 부탁드립니다 ㅎㅎ','base','다리','700000',2,'나따큰형님','test3','artist4');
Insert into RESERVATION (RESERVATION_CODE,ARTIST_NAME,RESERVATION_DATE,RESERVATION_TIME,ADDRESS,ORIGINAL_FILENAME,RENAME_FILENAME,TATTOO_SIZE,REQUEST,STYLE,PART,PRICE,STATUS,SHOP_NAME,CUSTOMER_ID,ARTIST_ID) values (64,'쩡미이',to_date('21/01/13','RR/MM/DD'),'11:00 ~ 13:00','경기도 고양시 일산동구 경의로 318','도안4.jpg','20201228163031.jpg','base','잘 부탁드립니다 ㅎㅎ','base','등','700000',2,'나따대장 쩡미닝','test3','artist1');
Insert into RESERVATION (RESERVATION_CODE,ARTIST_NAME,RESERVATION_DATE,RESERVATION_TIME,ADDRESS,ORIGINAL_FILENAME,RENAME_FILENAME,TATTOO_SIZE,REQUEST,STYLE,PART,PRICE,STATUS,SHOP_NAME,CUSTOMER_ID,ARTIST_ID) values (65,'써여이',to_date('21/01/07','RR/MM/DD'),'16:00 ~ 18:00','경기도 고양시 일산동구 경의로 318','도안7.jpg','20201228163051.jpg','65mmx76mm','asd','올드스쿨','팔','220000',2,'나따큰형님','test3','artist4');
Insert into RESERVATION (RESERVATION_CODE,ARTIST_NAME,RESERVATION_DATE,RESERVATION_TIME,ADDRESS,ORIGINAL_FILENAME,RENAME_FILENAME,TATTOO_SIZE,REQUEST,STYLE,PART,PRICE,STATUS,SHOP_NAME,CUSTOMER_ID,ARTIST_ID) values (66,'이써이',to_date('21/01/13','RR/MM/DD'),'14:00 ~ 16:00','경기도 고양시 일산동구 경의로 318','도안9.jpg','20201228163212.jpg','38mmx64mm','잘 부탁 드립니다 ㅎㅎ','이레즈미','다리','220000',2,'나따파이터 나이싹 !','test4','artist2');
Insert into RESERVATION (RESERVATION_CODE,ARTIST_NAME,RESERVATION_DATE,RESERVATION_TIME,ADDRESS,ORIGINAL_FILENAME,RENAME_FILENAME,TATTOO_SIZE,REQUEST,STYLE,PART,PRICE,STATUS,SHOP_NAME,CUSTOMER_ID,ARTIST_ID) values (67,'이써이',to_date('21/01/06','RR/MM/DD'),'16:00 ~ 18:00','경기도 고양시 일산동구 경의로 318','도안 11.jpg','20201228163234.jpg','65mmx76mm','잘 부탁 드립니다 ㅎㅎ','올드스쿨','등','300000',2,'나따파이터 나이싹 !','test4','artist2');
Insert into RESERVATION (RESERVATION_CODE,ARTIST_NAME,RESERVATION_DATE,RESERVATION_TIME,ADDRESS,ORIGINAL_FILENAME,RENAME_FILENAME,TATTOO_SIZE,REQUEST,STYLE,PART,PRICE,STATUS,SHOP_NAME,CUSTOMER_ID,ARTIST_ID) values (68,'이써이',to_date('21/01/11','RR/MM/DD'),'09:00 ~ 11:00','경기도 고양시 일산동구 경의로 318','도안11.png','20201228163253.png','38mmx38mm','잘 부탁 드립니다 ㅎㅎ','올드스쿨','다리','100000',2,'나따파이터 나이싹 !','test4','artist2');
Insert into RESERVATION (RESERVATION_CODE,ARTIST_NAME,RESERVATION_DATE,RESERVATION_TIME,ADDRESS,ORIGINAL_FILENAME,RENAME_FILENAME,TATTOO_SIZE,REQUEST,STYLE,PART,PRICE,STATUS,SHOP_NAME,CUSTOMER_ID,ARTIST_ID) values (69,'쩡미이',to_date('21/01/07','RR/MM/DD'),'14:00 ~ 16:00','경기도 고양시 일산동구 경의로 318','도안1.jpg','20201228163313.jpg','38mmx64mm','잘 부탁 드립니다 ㅎㅎ','트라이벌','팔','400000',2,'나따대장 쩡미닝','test4','artist1');
Insert into RESERVATION (RESERVATION_CODE,ARTIST_NAME,RESERVATION_DATE,RESERVATION_TIME,ADDRESS,ORIGINAL_FILENAME,RENAME_FILENAME,TATTOO_SIZE,REQUEST,STYLE,PART,PRICE,STATUS,SHOP_NAME,CUSTOMER_ID,ARTIST_ID) values (70,'아티스트5',to_date('21/01/05','RR/MM/DD'),'11:00 ~ 13:00','경기도 고양시 일산동구 경의로 318','도안2.jpg','20201228163346.jpg','65mmx76mm','잘 부탁 드립니다 ㅎㅎ','올드스쿨','어깨','320000',2,'민봉식','test4','artist5');
Insert into RESERVATION (RESERVATION_CODE,ARTIST_NAME,RESERVATION_DATE,RESERVATION_TIME,ADDRESS,ORIGINAL_FILENAME,RENAME_FILENAME,TATTOO_SIZE,REQUEST,STYLE,PART,PRICE,STATUS,SHOP_NAME,CUSTOMER_ID,ARTIST_ID) values (71,'아티스트10',to_date('21/01/06','RR/MM/DD'),'14:00 ~ 16:00','경기도 고양시 일산동구 경의로 318','도안8.jpg','20201228163411.jpg','65mmx76mm','잘 부탁드립니다 ㅎㅎ','이레즈미','팔','420000',2,'Covid 19','test4','artist10');
Insert into RESERVATION (RESERVATION_CODE,ARTIST_NAME,RESERVATION_DATE,RESERVATION_TIME,ADDRESS,ORIGINAL_FILENAME,RENAME_FILENAME,TATTOO_SIZE,REQUEST,STYLE,PART,PRICE,STATUS,SHOP_NAME,CUSTOMER_ID,ARTIST_ID) values (72,'아티스트13',to_date('21/01/05','RR/MM/DD'),'14:00 ~ 16:00','경기도 고양시 일산동구 경의로 318','도안 11.jpg','20201228163438.jpg','38mmx64mm','잘 부탁드립니다 ㅎㅎ','이레즈미','팔','280000',2,'아메리칸보이','test5','artist13');
Insert into RESERVATION (RESERVATION_CODE,ARTIST_NAME,RESERVATION_DATE,RESERVATION_TIME,ADDRESS,ORIGINAL_FILENAME,RENAME_FILENAME,TATTOO_SIZE,REQUEST,STYLE,PART,PRICE,STATUS,SHOP_NAME,CUSTOMER_ID,ARTIST_ID) values (73,'아티스트7',to_date('21/01/20','RR/MM/DD'),'11:00 ~ 13:00','경기도 고양시 일산동구 경의로 318','도안6.jpg','20201228163458.jpg','102mmx127mm','잘 부탁드립니다 ㅎㅎ','레터링','팔','220000',2,'Face','test5','artist7');
Insert into RESERVATION (RESERVATION_CODE,ARTIST_NAME,RESERVATION_DATE,RESERVATION_TIME,ADDRESS,ORIGINAL_FILENAME,RENAME_FILENAME,TATTOO_SIZE,REQUEST,STYLE,PART,PRICE,STATUS,SHOP_NAME,CUSTOMER_ID,ARTIST_ID) values (74,'아티스트11',to_date('21/01/12','RR/MM/DD'),'09:00 ~ 11:00','경기도 고양시 일산동구 경의로 318','도안5.jpg','20201228163519.jpg','38mmx38mm','잘 부탁드립니다 ㅎㅎ','올드스쿨','팔','120000',2,'ThugCat','test5','artist11');
Insert into RESERVATION (RESERVATION_CODE,ARTIST_NAME,RESERVATION_DATE,RESERVATION_TIME,ADDRESS,ORIGINAL_FILENAME,RENAME_FILENAME,TATTOO_SIZE,REQUEST,STYLE,PART,PRICE,STATUS,SHOP_NAME,CUSTOMER_ID,ARTIST_ID) values (75,'아티스트7',to_date('21/01/27','RR/MM/DD'),'11:00 ~ 13:00','경기도 고양시 일산동구 경의로 318','도안1.jpg','20201228163539.jpg','102mmx127mm','잘 부탁드립니다 ㅎㅎ','레터링','다리','220000',2,'Face','test5','artist7');
Insert into RESERVATION (RESERVATION_CODE,ARTIST_NAME,RESERVATION_DATE,RESERVATION_TIME,ADDRESS,ORIGINAL_FILENAME,RENAME_FILENAME,TATTOO_SIZE,REQUEST,STYLE,PART,PRICE,STATUS,SHOP_NAME,CUSTOMER_ID,ARTIST_ID) values (76,'현머이',to_date('21/01/05','RR/MM/DD'),'14:00 ~ 16:00','경기도 고양시 일산동구 경의로 318','타투3.jpg','20201228171607.jpg','38mmx64mm','잘 부탁드립니다~','레터링','팔','280000',2,'나따응애 현모','test7','artist3');
Insert into RESERVATION (RESERVATION_CODE,ARTIST_NAME,RESERVATION_DATE,RESERVATION_TIME,ADDRESS,ORIGINAL_FILENAME,RENAME_FILENAME,TATTOO_SIZE,REQUEST,STYLE,PART,PRICE,STATUS,SHOP_NAME,CUSTOMER_ID,ARTIST_ID) values (77,'현머이',to_date('21/01/20','RR/MM/DD'),'14:00 ~ 16:00','경기도 고양시 일산동구 경의로 318','도안7.jpg','20201228171716.jpg','38mmx64mm','잘 부탁드립니다~','트라이벌','팔','280000',2,'나따응애 현모','test7','artist3');

--QNA
Insert into QNA (QNA_CODE,QNA_TITLE,QNA_CONTENTS,QNA_WRITER,QNA_CREATEDATE,QNA_MODIFYDATE,QNA_HITS,ON_OFF) values (1,'질문있어요','예약 하고시퍼요','test2',to_date('20/10/21','RR/MM/DD'),null,9,0);
Insert into QNA (QNA_CODE,QNA_TITLE,QNA_CONTENTS,QNA_WRITER,QNA_CREATEDATE,QNA_MODIFYDATE,QNA_HITS,ON_OFF) values (2,'예약 변경하고 시퍼용','예약 하고시퍼요','test3',to_date('20/10/21','RR/MM/DD'),null,3,0);
Insert into QNA (QNA_CODE,QNA_TITLE,QNA_CONTENTS,QNA_WRITER,QNA_CREATEDATE,QNA_MODIFYDATE,QNA_HITS,ON_OFF) values (3,'타투 아픈가염?','예약 하고시퍼요','test4',to_date('20/10/22','RR/MM/DD'),null,16,0);
Insert into QNA (QNA_CODE,QNA_TITLE,QNA_CONTENTS,QNA_WRITER,QNA_CREATEDATE,QNA_MODIFYDATE,QNA_HITS,ON_OFF) values (4,'리터치 해야하나여','예약 하고시퍼요','test5',to_date('20/11/04','RR/MM/DD'),null,22,0);
Insert into QNA (QNA_CODE,QNA_TITLE,QNA_CONTENTS,QNA_WRITER,QNA_CREATEDATE,QNA_MODIFYDATE,QNA_HITS,ON_OFF) values (5,'예약 문의 드립니다.','예약 하고시퍼요','test6',to_date('20/11/11','RR/MM/DD'),null,14,0);
Insert into QNA (QNA_CODE,QNA_TITLE,QNA_CONTENTS,QNA_WRITER,QNA_CREATEDATE,QNA_MODIFYDATE,QNA_HITS,ON_OFF) values (6,'예약 취소 원해요','예약 하고시퍼요','test7',to_date('20/11/14','RR/MM/DD'),null,9,0);
Insert into QNA (QNA_CODE,QNA_TITLE,QNA_CONTENTS,QNA_WRITER,QNA_CREATEDATE,QNA_MODIFYDATE,QNA_HITS,ON_OFF) values (7,'회원 탈퇴 하고 싶어요','예약 하고시퍼요','test8',to_date('20/11/17','RR/MM/DD'),null,7,0);
Insert into QNA (QNA_CODE,QNA_TITLE,QNA_CONTENTS,QNA_WRITER,QNA_CREATEDATE,QNA_MODIFYDATE,QNA_HITS,ON_OFF) values (8,'비번이 뭔지 모르겠서요','예약 하고시퍼요','test9',to_date('20/11/24','RR/MM/DD'),to_date('20/12/02','RR/MM/DD'),8,0);
Insert into QNA (QNA_CODE,QNA_TITLE,QNA_CONTENTS,QNA_WRITER,QNA_CREATEDATE,QNA_MODIFYDATE,QNA_HITS,ON_OFF) values (9,'어떤 타투 해야 쎄보일까여','예약 하고시퍼요','test10',to_date('20/12/01','RR/MM/DD'),null,22,0);
Insert into QNA (QNA_CODE,QNA_TITLE,QNA_CONTENTS,QNA_WRITER,QNA_CREATEDATE,QNA_MODIFYDATE,QNA_HITS,ON_OFF) values (10,'야광 타투 어디서 할수있는 부분?','예약 하고시퍼요','test11',to_date('20/12/02','RR/MM/DD'),null,22,0);
Insert into QNA (QNA_CODE,QNA_TITLE,QNA_CONTENTS,QNA_WRITER,QNA_CREATEDATE,QNA_MODIFYDATE,QNA_HITS,ON_OFF) values (11,'커플 타투 하고시퍼요','예약 하고시퍼요','test12',to_date('20/12/04','RR/MM/DD'),null,11,0);
Insert into QNA (QNA_CODE,QNA_TITLE,QNA_CONTENTS,QNA_WRITER,QNA_CREATEDATE,QNA_MODIFYDATE,QNA_HITS,ON_OFF) values (12,'환불해주세요','예약 하고시퍼요','test13',to_date('20/12/04','RR/MM/DD'),null,4,0);
Insert into QNA (QNA_CODE,QNA_TITLE,QNA_CONTENTS,QNA_WRITER,QNA_CREATEDATE,QNA_MODIFYDATE,QNA_HITS,ON_OFF) values (13,'타투 받았는데 간지러워요','예약 하고시퍼요','test14',to_date('20/12/24','RR/MM/DD'),to_date('20/12/24','RR/MM/DD'),4,0);
Insert into QNA (QNA_CODE,QNA_TITLE,QNA_CONTENTS,QNA_WRITER,QNA_CREATEDATE,QNA_MODIFYDATE,QNA_HITS,ON_OFF) values (14,'누가 잘하나요','예약 하고시퍼요','test15',to_date('20/12/28','RR/MM/DD'),null,4,0);

--리뷰 
Insert into REVIEW (REVIEW_CODE,REVIEW_CONTENTS,REVIEW_PHOTO,REVIEW_STAR,REVIEW_CREATEDATE,REVIEW_MODIFYDATE,REVIEW_HITS,ARTIST_ID,CUSTOMER_ID,RESERVATION_CODE) values (75,'타투 정말 깔끔하게 해주십니다~','20201228163718.jfif','5',to_date('20/12/28','RR/MM/DD'),to_date('20/12/28','RR/MM/DD'),0,'artist7','test5',75);
Insert into REVIEW (REVIEW_CODE,REVIEW_CONTENTS,REVIEW_PHOTO,REVIEW_STAR,REVIEW_CREATEDATE,REVIEW_MODIFYDATE,REVIEW_HITS,ARTIST_ID,CUSTOMER_ID,RESERVATION_CODE) values (72,'글자를 너무 잘 새겨주셨습니다~','20201228163828.jpg','5',to_date('20/12/28','RR/MM/DD'),to_date('20/12/28','RR/MM/DD'),0,'artist13','test5',72);
Insert into REVIEW (REVIEW_CODE,REVIEW_CONTENTS,REVIEW_PHOTO,REVIEW_STAR,REVIEW_CREATEDATE,REVIEW_MODIFYDATE,REVIEW_HITS,ARTIST_ID,CUSTOMER_ID,RESERVATION_CODE) values (73,'타투를 받고 여자친구가 생겼습니다~','20201228163737.jpg','5',to_date('20/12/28','RR/MM/DD'),to_date('20/12/28','RR/MM/DD'),0,'artist7','test5',73);
Insert into REVIEW (REVIEW_CODE,REVIEW_CONTENTS,REVIEW_PHOTO,REVIEW_STAR,REVIEW_CREATEDATE,REVIEW_MODIFYDATE,REVIEW_HITS,ARTIST_ID,CUSTOMER_ID,RESERVATION_CODE) values (53,'도안이랑 완전 똑같이 해주셔서 감사합니다 ㅎㅎ~','20201228164426.jpg','5',to_date('20/12/28','RR/MM/DD'),to_date('20/12/28','RR/MM/DD'),0,'artist4','test1',53);
Insert into REVIEW (REVIEW_CODE,REVIEW_CONTENTS,REVIEW_PHOTO,REVIEW_STAR,REVIEW_CREATEDATE,REVIEW_MODIFYDATE,REVIEW_HITS,ARTIST_ID,CUSTOMER_ID,RESERVATION_CODE) values (54,'친구들이 다 멋있다고 해줍니다~~','20201228164454.jpg','5',to_date('20/12/28','RR/MM/DD'),to_date('20/12/28','RR/MM/DD'),0,'artist4','test1',54);
Insert into REVIEW (REVIEW_CODE,REVIEW_CONTENTS,REVIEW_PHOTO,REVIEW_STAR,REVIEW_CREATEDATE,REVIEW_MODIFYDATE,REVIEW_HITS,ARTIST_ID,CUSTOMER_ID,RESERVATION_CODE) values (47,'글자를 너무 이쁘게 해주셔서 감사합니다~~ ㅎㅎ','20201228164526.jpg','5',to_date('20/12/28','RR/MM/DD'),to_date('20/12/28','RR/MM/DD'),0,'artist3','test1',47);
Insert into REVIEW (REVIEW_CODE,REVIEW_CONTENTS,REVIEW_PHOTO,REVIEW_STAR,REVIEW_CREATEDATE,REVIEW_MODIFYDATE,REVIEW_HITS,ARTIST_ID,CUSTOMER_ID,RESERVATION_CODE) values (48,'가족 사진을 너무 이쁘게 해주셔서 감사합니다 ㅎㅎ','20201228164548.jfif','5',to_date('20/12/28','RR/MM/DD'),to_date('20/12/28','RR/MM/DD'),0,'artist3','test1',48);
Insert into REVIEW (REVIEW_CODE,REVIEW_CONTENTS,REVIEW_PHOTO,REVIEW_STAR,REVIEW_CREATEDATE,REVIEW_MODIFYDATE,REVIEW_HITS,ARTIST_ID,CUSTOMER_ID,RESERVATION_CODE) values (46,'그림하고 완전 똑같습니다 추천 드립니다 ㅎㅎ','20201228164615.jpg','5',to_date('20/12/28','RR/MM/DD'),to_date('20/12/28','RR/MM/DD'),0,'artist3','test1',46);
Insert into REVIEW (REVIEW_CODE,REVIEW_CONTENTS,REVIEW_PHOTO,REVIEW_STAR,REVIEW_CREATEDATE,REVIEW_MODIFYDATE,REVIEW_HITS,ARTIST_ID,CUSTOMER_ID,RESERVATION_CODE) values (52,'이쁘게 해주셔서 감사합니다 ㅎㅎ','20201228164646.jpg','5',to_date('20/12/28','RR/MM/DD'),to_date('20/12/28','RR/MM/DD'),0,'artist2','test1',52);
Insert into REVIEW (REVIEW_CODE,REVIEW_CONTENTS,REVIEW_PHOTO,REVIEW_STAR,REVIEW_CREATEDATE,REVIEW_MODIFYDATE,REVIEW_HITS,ARTIST_ID,CUSTOMER_ID,RESERVATION_CODE) values (49,'너무 이쁘게 해주셔서 다음에 또 받겠습니다~','20201228164711.jpg','5',to_date('20/12/28','RR/MM/DD'),to_date('20/12/28','RR/MM/DD'),0,'artist1','test1',49);
Insert into REVIEW (REVIEW_CODE,REVIEW_CONTENTS,REVIEW_PHOTO,REVIEW_STAR,REVIEW_CREATEDATE,REVIEW_MODIFYDATE,REVIEW_HITS,ARTIST_ID,CUSTOMER_ID,RESERVATION_CODE) values (58,'판다가 너무 귀엽게 됐습니다 ㅎㅎㅎ','20201228164813.jpg','5',to_date('20/12/28','RR/MM/DD'),to_date('20/12/28','RR/MM/DD'),0,'artist4','test2',58);
Insert into REVIEW (REVIEW_CODE,REVIEW_CONTENTS,REVIEW_PHOTO,REVIEW_STAR,REVIEW_CREATEDATE,REVIEW_MODIFYDATE,REVIEW_HITS,ARTIST_ID,CUSTOMER_ID,RESERVATION_CODE) values (59,'캐릭터를 너무 귀엽게 해주셨어요 ~~ ㅎㅎ','20201228164833.jpg','4',to_date('20/12/28','RR/MM/DD'),to_date('20/12/28','RR/MM/DD'),0,'artist4','test2',59);
Insert into REVIEW (REVIEW_CODE,REVIEW_CONTENTS,REVIEW_PHOTO,REVIEW_STAR,REVIEW_CREATEDATE,REVIEW_MODIFYDATE,REVIEW_HITS,ARTIST_ID,CUSTOMER_ID,RESERVATION_CODE) values (55,'두번째 받는거인데 두번 다 너무 만족스럽게 해주셨어요~','20201228164856.jpg','5',to_date('20/12/28','RR/MM/DD'),to_date('20/12/28','RR/MM/DD'),0,'artist3','test2',55);
Insert into REVIEW (REVIEW_CODE,REVIEW_CONTENTS,REVIEW_PHOTO,REVIEW_STAR,REVIEW_CREATEDATE,REVIEW_MODIFYDATE,REVIEW_HITS,ARTIST_ID,CUSTOMER_ID,RESERVATION_CODE) values (56,'너무 안아프고 잘 해주셨습니다~','20201228164921.jpg','3',to_date('20/12/28','RR/MM/DD'),to_date('20/12/28','RR/MM/DD'),0,'artist3','test2',56);
Insert into REVIEW (REVIEW_CODE,REVIEW_CONTENTS,REVIEW_PHOTO,REVIEW_STAR,REVIEW_CREATEDATE,REVIEW_MODIFYDATE,REVIEW_HITS,ARTIST_ID,CUSTOMER_ID,RESERVATION_CODE) values (60,'고양이가 너무 귀여워요~','20201228164939.jpg','5',to_date('20/12/28','RR/MM/DD'),to_date('20/12/28','RR/MM/DD'),0,'artist2','test2',60);
Insert into REVIEW (REVIEW_CODE,REVIEW_CONTENTS,REVIEW_PHOTO,REVIEW_STAR,REVIEW_CREATEDATE,REVIEW_MODIFYDATE,REVIEW_HITS,ARTIST_ID,CUSTOMER_ID,RESERVATION_CODE) values (63,'사람들이 다 잘했다고 칭찬해줬어요~ㅎㅎ','20201228165407.jpg','5',to_date('20/12/28','RR/MM/DD'),to_date('20/12/28','RR/MM/DD'),0,'artist4','test3',63);
Insert into REVIEW (REVIEW_CODE,REVIEW_CONTENTS,REVIEW_PHOTO,REVIEW_STAR,REVIEW_CREATEDATE,REVIEW_MODIFYDATE,REVIEW_HITS,ARTIST_ID,CUSTOMER_ID,RESERVATION_CODE) values (65,'캐릭터의 입체감을 살려주셨습니다~','20201228165431.jpg','5',to_date('20/12/28','RR/MM/DD'),to_date('20/12/28','RR/MM/DD'),0,'artist4','test3',65);
Insert into REVIEW (REVIEW_CODE,REVIEW_CONTENTS,REVIEW_PHOTO,REVIEW_STAR,REVIEW_CREATEDATE,REVIEW_MODIFYDATE,REVIEW_HITS,ARTIST_ID,CUSTOMER_ID,RESERVATION_CODE) values (61,'처음해보는 타투인데 친절하게 해주셔서 감사합니다~~ ㅎㅎ','20201228165547.jpg','5',to_date('20/12/28','RR/MM/DD'),to_date('20/12/28','RR/MM/DD'),0,'artist3','test3',61);
Insert into REVIEW (REVIEW_CODE,REVIEW_CONTENTS,REVIEW_PHOTO,REVIEW_STAR,REVIEW_CREATEDATE,REVIEW_MODIFYDATE,REVIEW_HITS,ARTIST_ID,CUSTOMER_ID,RESERVATION_CODE) values (62,'이쁘게 해주셔서 감사합니다~~','20201228165605.jpg','5',to_date('20/12/28','RR/MM/DD'),to_date('20/12/28','RR/MM/DD'),0,'artist2','test3',62);
Insert into REVIEW (REVIEW_CODE,REVIEW_CONTENTS,REVIEW_PHOTO,REVIEW_STAR,REVIEW_CREATEDATE,REVIEW_MODIFYDATE,REVIEW_HITS,ARTIST_ID,CUSTOMER_ID,RESERVATION_CODE) values (64,'달을 실제처럼 그려주셨어요~ ㅎㅎ','20201228165625.jpg','5',to_date('20/12/28','RR/MM/DD'),to_date('20/12/28','RR/MM/DD'),0,'artist1','test3',64);
Insert into REVIEW (REVIEW_CODE,REVIEW_CONTENTS,REVIEW_PHOTO,REVIEW_STAR,REVIEW_CREATEDATE,REVIEW_MODIFYDATE,REVIEW_HITS,ARTIST_ID,CUSTOMER_ID,RESERVATION_CODE) values (71,'처음 해보는 타투인데 너무 이쁘게 해주셨어요~','20201228165721.jpg','5',to_date('20/12/28','RR/MM/DD'),to_date('20/12/28','RR/MM/DD'),0,'artist10','test4',71);
Insert into REVIEW (REVIEW_CODE,REVIEW_CONTENTS,REVIEW_PHOTO,REVIEW_STAR,REVIEW_CREATEDATE,REVIEW_MODIFYDATE,REVIEW_HITS,ARTIST_ID,CUSTOMER_ID,RESERVATION_CODE) values (70,'너무 이쁘게 해주셔서 감사합니다~~','20201228170720.jpg','5',to_date('20/12/28','RR/MM/DD'),to_date('20/12/28','RR/MM/DD'),0,'artist5','test4',70);
Insert into REVIEW (REVIEW_CODE,REVIEW_CONTENTS,REVIEW_PHOTO,REVIEW_STAR,REVIEW_CREATEDATE,REVIEW_MODIFYDATE,REVIEW_HITS,ARTIST_ID,CUSTOMER_ID,RESERVATION_CODE) values (66,'가게 인테리어가 너무 이뻐요~~','20201228170819.jfif','5',to_date('20/12/28','RR/MM/DD'),to_date('20/12/28','RR/MM/DD'),0,'artist2','test4',66);
Insert into REVIEW (REVIEW_CODE,REVIEW_CONTENTS,REVIEW_PHOTO,REVIEW_STAR,REVIEW_CREATEDATE,REVIEW_MODIFYDATE,REVIEW_HITS,ARTIST_ID,CUSTOMER_ID,RESERVATION_CODE) values (67,'글씨체가 너무 이뻐요~','20201228170852.jpg','5',to_date('20/12/28','RR/MM/DD'),to_date('20/12/28','RR/MM/DD'),0,'artist2','test4',67);
Insert into REVIEW (REVIEW_CODE,REVIEW_CONTENTS,REVIEW_PHOTO,REVIEW_STAR,REVIEW_CREATEDATE,REVIEW_MODIFYDATE,REVIEW_HITS,ARTIST_ID,CUSTOMER_ID,RESERVATION_CODE) values (68,'나침반을 너무 이쁘게 해주셔서 감사합니다~','20201228170925.jpg','5',to_date('20/12/28','RR/MM/DD'),to_date('20/12/28','RR/MM/DD'),0,'artist2','test4',68);
Insert into REVIEW (REVIEW_CODE,REVIEW_CONTENTS,REVIEW_PHOTO,REVIEW_STAR,REVIEW_CREATEDATE,REVIEW_MODIFYDATE,REVIEW_HITS,ARTIST_ID,CUSTOMER_ID,RESERVATION_CODE) values (69,'실제 나침반 같아요~','20201228170959.jpg','5',to_date('20/12/28','RR/MM/DD'),to_date('20/12/28','RR/MM/DD'),0,'artist1','test4',69);
Insert into REVIEW (REVIEW_CODE,REVIEW_CONTENTS,REVIEW_PHOTO,REVIEW_STAR,REVIEW_CREATEDATE,REVIEW_MODIFYDATE,REVIEW_HITS,ARTIST_ID,CUSTOMER_ID,RESERVATION_CODE) values (76,'처음 받아보는 타투인데 너무 친절하게 설명도 다 해주세요~','20201228171903.jpg','5',to_date('20/12/28','RR/MM/DD'),to_date('20/12/28','RR/MM/DD'),0,'artist3','test7',76);
Insert into REVIEW (REVIEW_CODE,REVIEW_CONTENTS,REVIEW_PHOTO,REVIEW_STAR,REVIEW_CREATEDATE,REVIEW_MODIFYDATE,REVIEW_HITS,ARTIST_ID,CUSTOMER_ID,RESERVATION_CODE) values (77,'처음에도 너무 이쁘게 해주셔서 다시 왔습니다~~','20201228171936.jpg','5',to_date('20/12/28','RR/MM/DD'),to_date('20/12/28','RR/MM/DD'),0,'artist3','test7',77);
